PRID,PRSHA,PRCOMMITMESSAGE,PRFILE,PRSTATUS,PRADDS,PRDELSS,PRCHANGECOUNT,PRDIFF
3271196926,2f9d54dda4f0c87c19e0bbeb9936f525d0587e16,"Add llms.txt compilation system for AI model documentation

- Create docs/compile_llms_txt.py script to compile all documentation
- Add GitHub Actions workflow to auto-update llms.txt on doc changes
- Generate initial llms.txt file with comprehensive AgentOps documentation
- Include all versions (v0, v1, v2) and key repository documentation

Co-Authored-By: Pratyush Shukla <pratyush@agentops.ai>",.github/workflows/compile-llms-txt.yml,added,38.0,0.0,38.0,"@@ -0,0 +1,38 @@
+name: Compile llms.txt
+
+on:
+  push:
+    branches: [ main ]
+    paths:
+      - 'docs/**'
+      - 'README.md'
+      - 'CONTRIBUTING.md'
+      - 'examples/*/README.md'
+      - 'agentops/*/README.md'
+  workflow_dispatch:
+
+jobs:
+  compile-llms-txt:
+    runs-on: ubuntu-latest
+    steps:
+    - uses: actions/checkout@v4
+      with:
+        token: ${{ secrets.GITHUB_TOKEN }}
+        
+    - name: Set up Python
+      uses: actions/setup-python@v4
+      with:
+        python-version: '3.11'
+        
+    - name: Compile llms.txt
+      run: |
+        cd docs
+        python compile_llms_txt.py
+        
+    - name: Commit and push if changed
+      run: |
+        git config --local user.email ""action@github.com""
+        git config --local user.name ""GitHub Action""
+        git add llms.txt
+        git diff --staged --quiet || git commit -m ""Auto-update llms.txt from documentation changes""
+        git push"
3271196926,2f9d54dda4f0c87c19e0bbeb9936f525d0587e16,"Add llms.txt compilation system for AI model documentation

- Create docs/compile_llms_txt.py script to compile all documentation
- Add GitHub Actions workflow to auto-update llms.txt on doc changes
- Generate initial llms.txt file with comprehensive AgentOps documentation
- Include all versions (v0, v1, v2) and key repository documentation

Co-Authored-By: Pratyush Shukla <pratyush@agentops.ai>",docs/compile_llms_txt.py,added,47.0,0.0,47.0,"@@ -0,0 +1,47 @@
+import os
+from pathlib import Path
+
+def compile_llms_txt():
+    """"""Compile all relevant documentation into llms.txt for AI model consumption.""""""
+    current_dir = Path(os.getcwd())
+    content = ''
+    
+    # Define names of directories and files to exclude
+    excluded_names = {'node_modules', '.git', '__pycache__', '.venv', 'images', '.pytest_cache', 'dist', 'build'}
+    
+    def should_include_file(file_path):
+        """"""Check if a file should be included based on patterns and exclusions.""""""
+        path_parts = Path(file_path).parts
+        
+        if any(part in excluded_names for part in path_parts):
+            return False
+            
+        if file_path.endswith(('.md', '.mdx')):
+            return True
+            
+        return False
+    
+    for root, dirs, files in os.walk('..'):
+        dirs[:] = [d for d in dirs if d not in excluded_names]
+        
+        for file in files:
+            if should_include_file(file):
+                file_path = os.path.join(root, file)
+                relative_path = os.path.relpath(file_path, '..')
+                
+                try:
+                    with open(file_path, 'r', encoding='utf-8') as f:
+                        file_content = f.read()
+                    content += f""## {relative_path}\n\n{file_content}\n\n""
+                except (UnicodeDecodeError, PermissionError) as e:
+                    print(f""Warning: Could not read {relative_path}: {e}"")
+                    continue
+
+    # Write the complete content to llms.txt in the repository root
+    output_path = Path('../llms.txt')
+    output_path.write_text(content, encoding='utf-8')
+    print(f""Successfully compiled documentation to {output_path.absolute()}"")
+    print(f""Total content length: {len(content)} characters"")
+
+if __name__ == ""__main__"":
+    compile_llms_txt()"
3271196926,2f9d54dda4f0c87c19e0bbeb9936f525d0587e16,"Add llms.txt compilation system for AI model documentation

- Create docs/compile_llms_txt.py script to compile all documentation
- Add GitHub Actions workflow to auto-update llms.txt on doc changes
- Generate initial llms.txt file with comprehensive AgentOps documentation
- Include all versions (v0, v1, v2) and key repository documentation

Co-Authored-By: Pratyush Shukla <pratyush@agentops.ai>",llms.txt,added,22923.0,0.0,22923.0,
3271196926,dbd1b5f129f7cffa5ce284d7255814c98bcc38a2,"Fix lint issues: remove unused variable and apply formatting

- Remove unused current_dir variable to fix F841 error
- Apply ruff formatting changes for consistent code style

Co-Authored-By: Pratyush Shukla <pratyush@agentops.ai>",docs/compile_llms_txt.py,modified,18.0,17.0,35.0,"@@ -1,47 +1,48 @@
 import os
 from pathlib import Path
 
+
 def compile_llms_txt():
     """"""Compile all relevant documentation into llms.txt for AI model consumption.""""""
-    current_dir = Path(os.getcwd())
-    content = ''
-    
+    content = """"
+
     # Define names of directories and files to exclude
-    excluded_names = {'node_modules', '.git', '__pycache__', '.venv', 'images', '.pytest_cache', 'dist', 'build'}
-    
+    excluded_names = {""node_modules"", "".git"", ""__pycache__"", "".venv"", ""images"", "".pytest_cache"", ""dist"", ""build""}
+
     def should_include_file(file_path):
         """"""Check if a file should be included based on patterns and exclusions.""""""
         path_parts = Path(file_path).parts
-        
+
         if any(part in excluded_names for part in path_parts):
             return False
-            
-        if file_path.endswith(('.md', '.mdx')):
+
+        if file_path.endswith(("".md"", "".mdx"")):
             return True
-            
+
         return False
-    
-    for root, dirs, files in os.walk('..'):
+
+    for root, dirs, files in os.walk(""..""):
         dirs[:] = [d for d in dirs if d not in excluded_names]
-        
+
         for file in files:
             if should_include_file(file):
                 file_path = os.path.join(root, file)
-                relative_path = os.path.relpath(file_path, '..')
-                
+                relative_path = os.path.relpath(file_path, "".."")
+
                 try:
-                    with open(file_path, 'r', encoding='utf-8') as f:
+                    with open(file_path, ""r"", encoding=""utf-8"") as f:
                         file_content = f.read()
                     content += f""## {relative_path}\n\n{file_content}\n\n""
                 except (UnicodeDecodeError, PermissionError) as e:
                     print(f""Warning: Could not read {relative_path}: {e}"")
                     continue
 
     # Write the complete content to llms.txt in the repository root
-    output_path = Path('../llms.txt')
-    output_path.write_text(content, encoding='utf-8')
+    output_path = Path(""../llms.txt"")
+    output_path.write_text(content, encoding=""utf-8"")
     print(f""Successfully compiled documentation to {output_path.absolute()}"")
     print(f""Total content length: {len(content)} characters"")
 
+
 if __name__ == ""__main__"":
     compile_llms_txt()"
3271196926,c2659cfdedf666c8f14753d71664563c2a932b23,"Update llms.txt to follow official standard with structured links instead of full content

Co-Authored-By: Pratyush Shukla <pratyush@agentops.ai>",docs/compile_llms_txt.py,modified,51.0,36.0,87.0,"@@ -3,45 +3,60 @@
 
 
 def compile_llms_txt():
-    """"""Compile all relevant documentation into llms.txt for AI model consumption.""""""
-    content = """"
-
-    # Define names of directories and files to exclude
-    excluded_names = {""node_modules"", "".git"", ""__pycache__"", "".venv"", ""images"", "".pytest_cache"", ""dist"", ""build""}
-
-    def should_include_file(file_path):
-        """"""Check if a file should be included based on patterns and exclusions.""""""
-        path_parts = Path(file_path).parts
-
-        if any(part in excluded_names for part in path_parts):
-            return False
-
-        if file_path.endswith(("".md"", "".mdx"")):
-            return True
-
-        return False
-
-    for root, dirs, files in os.walk(""..""):
-        dirs[:] = [d for d in dirs if d not in excluded_names]
-
-        for file in files:
-            if should_include_file(file):
-                file_path = os.path.join(root, file)
-                relative_path = os.path.relpath(file_path, "".."")
-
-                try:
-                    with open(file_path, ""r"", encoding=""utf-8"") as f:
-                        file_content = f.read()
-                    content += f""## {relative_path}\n\n{file_content}\n\n""
-                except (UnicodeDecodeError, PermissionError) as e:
-                    print(f""Warning: Could not read {relative_path}: {e}"")
-                    continue
-
-    # Write the complete content to llms.txt in the repository root
+    """"""Compile a structured llms.txt file following the official standard.""""""
+    
+    content = ""# AgentOps\n\n""
+    
+    content += ""> AgentOps is the developer favorite platform for testing, debugging, and deploying AI agents and LLM apps. Monitor, analyze, and optimize your agent workflows with comprehensive observability and analytics.\n\n""
+    
+    content += ""## Core Documentation\n\n""
+    content += ""- [Introduction](https://docs.agentops.ai/v2/introduction) - Getting started with AgentOps\n""
+    content += ""- [Quickstart Guide](https://docs.agentops.ai/v1/quickstart) - Start using AgentOps with just 2 lines of code\n""
+    content += ""- [Core Concepts](https://docs.agentops.ai/v2/concepts/core-concepts) - Understanding AgentOps fundamentals\n""
+    content += ""- [SDK Reference](https://docs.agentops.ai/v2/usage/sdk-reference) - Complete SDK documentation\n""
+    content += ""- [Dashboard Guide](https://docs.agentops.ai/v2/usage/dashboard-info) - Using the AgentOps dashboard\n\n""
+    
+    content += ""## Usage & Features\n\n""
+    content += ""- [Tracking Agents](https://docs.agentops.ai/v2/usage/tracking-agents) - Monitor agent behavior and performance\n""
+    content += ""- [Recording Operations](https://docs.agentops.ai/v2/usage/recording-operations) - Track operations and workflows\n""
+    content += ""- [LLM Call Tracking](https://docs.agentops.ai/v2/usage/tracking-llm-calls) - Monitor LLM API calls\n""
+    content += ""- [Trace Management](https://docs.agentops.ai/v2/usage/manual-trace-control) - Advanced trace control\n""
+    content += ""- [Context Managers](https://docs.agentops.ai/v2/usage/context-managers) - Python context manager usage\n""
+    content += ""- [Decorators](https://docs.agentops.ai/v2/concepts/decorators) - Using AgentOps decorators\n\n""
+    
+    content += ""## Integrations\n\n""
+    content += ""- [OpenAI](https://docs.agentops.ai/v2/integrations/openai) - OpenAI API integration\n""
+    content += ""- [Anthropic](https://docs.agentops.ai/v2/integrations/anthropic) - Anthropic Claude integration\n""
+    content += ""- [LangChain](https://docs.agentops.ai/v2/integrations/langchain) - LangChain framework integration\n""
+    content += ""- [LangGraph](https://docs.agentops.ai/v2/integrations/langgraph) - LangGraph workflow integration\n""
+    content += ""- [CrewAI](https://docs.agentops.ai/v2/integrations/crewai) - CrewAI multi-agent integration\n""
+    content += ""- [AutoGen](https://docs.agentops.ai/v2/integrations/autogen) - Microsoft AutoGen integration\n""
+    content += ""- [AG2](https://docs.agentops.ai/v2/integrations/ag2) - AG2 agent framework integration\n""
+    content += ""- [OpenAI Agents SDK](https://docs.agentops.ai/v2/integrations/openai_agents_python) - OpenAI Agents SDK integration\n""
+    content += ""- [LlamaIndex](https://docs.agentops.ai/v2/integrations/llamaindex) - LlamaIndex RAG integration\n""
+    content += ""- [Google Generative AI](https://docs.agentops.ai/v2/integrations/google_generative_ai) - Google Gemini integration\n\n""
+    
+    content += ""## Examples\n\n""
+    content += ""- [OpenAI Examples](https://docs.agentops.ai/v2/examples/openai) - OpenAI integration examples\n""
+    content += ""- [LangChain Examples](https://docs.agentops.ai/v2/examples/langchain) - LangChain usage examples\n""
+    content += ""- [CrewAI Examples](https://docs.agentops.ai/v2/examples/crewai) - Multi-agent CrewAI examples\n""
+    content += ""- [AutoGen Examples](https://docs.agentops.ai/v2/examples/autogen) - Microsoft AutoGen examples\n""
+    content += ""- [Anthropic Examples](https://docs.agentops.ai/v2/examples/anthropic) - Anthropic Claude examples\n""
+    content += ""- [All Examples](https://docs.agentops.ai/v2/examples/examples) - Complete examples collection\n\n""
+    
+    content += ""## Repository & Community\n\n""
+    content += ""- [GitHub Repository](https://github.com/AgentOps-AI/agentops) - Source code and issues\n""
+    content += ""- [Contributing Guide](https://github.com/AgentOps-AI/agentops/blob/main/CONTRIBUTING.md) - How to contribute\n""
+    content += ""- [Discord Community](https://discord.gg/FagdcwwXRR) - Join our Discord server\n""
+    content += ""- [AgentOps Dashboard](https://app.agentops.ai/) - Access the web dashboard\n""
+    content += ""- [Documentation](https://docs.agentops.ai) - Complete documentation site\n\n""
+
+    # Write the structured content to llms.txt in the repository root
     output_path = Path(""../llms.txt"")
     output_path.write_text(content, encoding=""utf-8"")
-    print(f""Successfully compiled documentation to {output_path.absolute()}"")
+    print(f""Successfully compiled structured llms.txt to {output_path.absolute()}"")
     print(f""Total content length: {len(content)} characters"")
+    print(f""Link count: {content.count('](https://')}"")
 
 
 if __name__ == ""__main__"":"
3271196926,c2659cfdedf666c8f14753d71664563c2a932b23,"Update llms.txt to follow official standard with structured links instead of full content

Co-Authored-By: Pratyush Shukla <pratyush@agentops.ai>",llms.txt,modified,38.0,22910.0,22948.0,
3271196926,5361403878396c17f350290fa1782f89aa9e6cae,"Apply ruff formatting fixes to compilation script

Co-Authored-By: Pratyush Shukla <pratyush@agentops.ai>",docs/compile_llms_txt.py,modified,16.0,11.0,27.0,"@@ -1,29 +1,34 @@
-import os
 from pathlib import Path
 
 
 def compile_llms_txt():
     """"""Compile a structured llms.txt file following the official standard.""""""
-    
+
     content = ""# AgentOps\n\n""
-    
+
     content += ""> AgentOps is the developer favorite platform for testing, debugging, and deploying AI agents and LLM apps. Monitor, analyze, and optimize your agent workflows with comprehensive observability and analytics.\n\n""
-    
+
     content += ""## Core Documentation\n\n""
     content += ""- [Introduction](https://docs.agentops.ai/v2/introduction) - Getting started with AgentOps\n""
     content += ""- [Quickstart Guide](https://docs.agentops.ai/v1/quickstart) - Start using AgentOps with just 2 lines of code\n""
-    content += ""- [Core Concepts](https://docs.agentops.ai/v2/concepts/core-concepts) - Understanding AgentOps fundamentals\n""
+    content += (
+        ""- [Core Concepts](https://docs.agentops.ai/v2/concepts/core-concepts) - Understanding AgentOps fundamentals\n""
+    )
     content += ""- [SDK Reference](https://docs.agentops.ai/v2/usage/sdk-reference) - Complete SDK documentation\n""
-    content += ""- [Dashboard Guide](https://docs.agentops.ai/v2/usage/dashboard-info) - Using the AgentOps dashboard\n\n""
-    
+    content += (
+        ""- [Dashboard Guide](https://docs.agentops.ai/v2/usage/dashboard-info) - Using the AgentOps dashboard\n\n""
+    )
+
     content += ""## Usage & Features\n\n""
     content += ""- [Tracking Agents](https://docs.agentops.ai/v2/usage/tracking-agents) - Monitor agent behavior and performance\n""
     content += ""- [Recording Operations](https://docs.agentops.ai/v2/usage/recording-operations) - Track operations and workflows\n""
     content += ""- [LLM Call Tracking](https://docs.agentops.ai/v2/usage/tracking-llm-calls) - Monitor LLM API calls\n""
     content += ""- [Trace Management](https://docs.agentops.ai/v2/usage/manual-trace-control) - Advanced trace control\n""
-    content += ""- [Context Managers](https://docs.agentops.ai/v2/usage/context-managers) - Python context manager usage\n""
+    content += (
+        ""- [Context Managers](https://docs.agentops.ai/v2/usage/context-managers) - Python context manager usage\n""
+    )
     content += ""- [Decorators](https://docs.agentops.ai/v2/concepts/decorators) - Using AgentOps decorators\n\n""
-    
+
     content += ""## Integrations\n\n""
     content += ""- [OpenAI](https://docs.agentops.ai/v2/integrations/openai) - OpenAI API integration\n""
     content += ""- [Anthropic](https://docs.agentops.ai/v2/integrations/anthropic) - Anthropic Claude integration\n""
@@ -35,15 +40,15 @@ def compile_llms_txt():
     content += ""- [OpenAI Agents SDK](https://docs.agentops.ai/v2/integrations/openai_agents_python) - OpenAI Agents SDK integration\n""
     content += ""- [LlamaIndex](https://docs.agentops.ai/v2/integrations/llamaindex) - LlamaIndex RAG integration\n""
     content += ""- [Google Generative AI](https://docs.agentops.ai/v2/integrations/google_generative_ai) - Google Gemini integration\n\n""
-    
+
     content += ""## Examples\n\n""
     content += ""- [OpenAI Examples](https://docs.agentops.ai/v2/examples/openai) - OpenAI integration examples\n""
     content += ""- [LangChain Examples](https://docs.agentops.ai/v2/examples/langchain) - LangChain usage examples\n""
     content += ""- [CrewAI Examples](https://docs.agentops.ai/v2/examples/crewai) - Multi-agent CrewAI examples\n""
     content += ""- [AutoGen Examples](https://docs.agentops.ai/v2/examples/autogen) - Microsoft AutoGen examples\n""
     content += ""- [Anthropic Examples](https://docs.agentops.ai/v2/examples/anthropic) - Anthropic Claude examples\n""
     content += ""- [All Examples](https://docs.agentops.ai/v2/examples/examples) - Complete examples collection\n\n""
-    
+
     content += ""## Repository & Community\n\n""
     content += ""- [GitHub Repository](https://github.com/AgentOps-AI/agentops) - Source code and issues\n""
     content += ""- [Contributing Guide](https://github.com/AgentOps-AI/agentops/blob/main/CONTRIBUTING.md) - How to contribute\n"""
3271196926,b3c33fe3603254485dbf9f82b19d43ace616fc0a,"Enhance llms.txt with comprehensive repository content and llms-txt library integration

- Include actual repository content: README, CONTRIBUTING, core SDK files, documentation, instrumentation, and examples
- Integrate llms-txt library for proper validation and parsing
- Generated comprehensive 167KB llms.txt with real code content instead of just links
- Fix llms-txt API usage to use parse_llms_file() function correctly
- Add detailed validation output showing parsed title, summary, sections, and links

Co-Authored-By: Pratyush Shukla <pratyush@agentops.ai>",.github/workflows/compile-llms-txt.yml,modified,4.0,0.0,4.0,"@@ -24,6 +24,10 @@ jobs:
       with:
         python-version: '3.11'
         
+    - name: Install dependencies
+      run: |
+        pip install llms-txt
+        
     - name: Compile llms.txt
       run: |
         cd docs"
3271196926,b3c33fe3603254485dbf9f82b19d43ace616fc0a,"Enhance llms.txt with comprehensive repository content and llms-txt library integration

- Include actual repository content: README, CONTRIBUTING, core SDK files, documentation, instrumentation, and examples
- Integrate llms-txt library for proper validation and parsing
- Generated comprehensive 167KB llms.txt with real code content instead of just links
- Fix llms-txt API usage to use parse_llms_file() function correctly
- Add detailed validation output showing parsed title, summary, sections, and links

Co-Authored-By: Pratyush Shukla <pratyush@agentops.ai>",docs/compile_llms_txt.py,modified,140.0,53.0,193.0,"@@ -1,67 +1,154 @@
+import os
+import glob
 from pathlib import Path
 
 
 def compile_llms_txt():
-    """"""Compile a structured llms.txt file following the official standard.""""""
-
+    """"""Compile a comprehensive llms.txt file with actual repository content.""""""
+    
     content = ""# AgentOps\n\n""
-
+    
     content += ""> AgentOps is the developer favorite platform for testing, debugging, and deploying AI agents and LLM apps. Monitor, analyze, and optimize your agent workflows with comprehensive observability and analytics.\n\n""
-
-    content += ""## Core Documentation\n\n""
-    content += ""- [Introduction](https://docs.agentops.ai/v2/introduction) - Getting started with AgentOps\n""
-    content += ""- [Quickstart Guide](https://docs.agentops.ai/v1/quickstart) - Start using AgentOps with just 2 lines of code\n""
-    content += (
-        ""- [Core Concepts](https://docs.agentops.ai/v2/concepts/core-concepts) - Understanding AgentOps fundamentals\n""
-    )
-    content += ""- [SDK Reference](https://docs.agentops.ai/v2/usage/sdk-reference) - Complete SDK documentation\n""
-    content += (
-        ""- [Dashboard Guide](https://docs.agentops.ai/v2/usage/dashboard-info) - Using the AgentOps dashboard\n\n""
-    )
-
-    content += ""## Usage & Features\n\n""
-    content += ""- [Tracking Agents](https://docs.agentops.ai/v2/usage/tracking-agents) - Monitor agent behavior and performance\n""
-    content += ""- [Recording Operations](https://docs.agentops.ai/v2/usage/recording-operations) - Track operations and workflows\n""
-    content += ""- [LLM Call Tracking](https://docs.agentops.ai/v2/usage/tracking-llm-calls) - Monitor LLM API calls\n""
-    content += ""- [Trace Management](https://docs.agentops.ai/v2/usage/manual-trace-control) - Advanced trace control\n""
-    content += (
-        ""- [Context Managers](https://docs.agentops.ai/v2/usage/context-managers) - Python context manager usage\n""
-    )
-    content += ""- [Decorators](https://docs.agentops.ai/v2/concepts/decorators) - Using AgentOps decorators\n\n""
-
-    content += ""## Integrations\n\n""
-    content += ""- [OpenAI](https://docs.agentops.ai/v2/integrations/openai) - OpenAI API integration\n""
-    content += ""- [Anthropic](https://docs.agentops.ai/v2/integrations/anthropic) - Anthropic Claude integration\n""
-    content += ""- [LangChain](https://docs.agentops.ai/v2/integrations/langchain) - LangChain framework integration\n""
-    content += ""- [LangGraph](https://docs.agentops.ai/v2/integrations/langgraph) - LangGraph workflow integration\n""
-    content += ""- [CrewAI](https://docs.agentops.ai/v2/integrations/crewai) - CrewAI multi-agent integration\n""
-    content += ""- [AutoGen](https://docs.agentops.ai/v2/integrations/autogen) - Microsoft AutoGen integration\n""
-    content += ""- [AG2](https://docs.agentops.ai/v2/integrations/ag2) - AG2 agent framework integration\n""
-    content += ""- [OpenAI Agents SDK](https://docs.agentops.ai/v2/integrations/openai_agents_python) - OpenAI Agents SDK integration\n""
-    content += ""- [LlamaIndex](https://docs.agentops.ai/v2/integrations/llamaindex) - LlamaIndex RAG integration\n""
-    content += ""- [Google Generative AI](https://docs.agentops.ai/v2/integrations/google_generative_ai) - Google Gemini integration\n\n""
-
+    
+    try:
+        with open(""../README.md"", ""r"", encoding=""utf-8"") as f:
+            readme_content = f.read()
+        content += ""## Repository Overview\n\n""
+        content += readme_content + ""\n\n""
+    except Exception as e:
+        print(f""Warning: Could not read README.md: {e}"")
+    
+    try:
+        with open(""../CONTRIBUTING.md"", ""r"", encoding=""utf-8"") as f:
+            contributing_content = f.read()
+        content += ""## Contributing Guide\n\n""
+        content += contributing_content + ""\n\n""
+    except Exception as e:
+        print(f""Warning: Could not read CONTRIBUTING.md: {e}"")
+    
+    content += ""## Core SDK Implementation\n\n""
+    
+    sdk_files = [
+        ""../agentops/__init__.py"",
+        ""../agentops/client/client.py"",
+        ""../agentops/sdk/decorators/__init__.py""
+    ]
+    
+    for file_path in sdk_files:
+        if os.path.exists(file_path):
+            try:
+                with open(file_path, ""r"", encoding=""utf-8"") as f:
+                    file_content = f.read()
+                relative_path = os.path.relpath(file_path, "".."")
+                content += f""### {relative_path}\n\n```python\n{file_content}\n```\n\n""
+            except Exception as e:
+                print(f""Warning: Could not read {file_path}: {e}"")
+    
+    content += ""## Documentation\n\n""
+    
+    doc_files = [
+        ""v2/introduction.mdx"",
+        ""v2/quickstart.mdx"",
+        ""v2/concepts/core-concepts.mdx"",
+        ""v1/quickstart.mdx""
+    ]
+    
+    for doc_file in doc_files:
+        if os.path.exists(doc_file):
+            try:
+                with open(doc_file, ""r"", encoding=""utf-8"") as f:
+                    file_content = f.read()
+                content += f""### {doc_file}\n\n{file_content}\n\n""
+            except Exception as e:
+                print(f""Warning: Could not read {doc_file}: {e}"")
+    
+    content += ""## Instrumentation Architecture\n\n""
+    
+    instrumentation_files = [
+        ""../agentops/instrumentation/__init__.py"",
+        ""../agentops/instrumentation/README.md"",
+        ""../agentops/instrumentation/providers/openai/instrumentor.py""
+    ]
+    
+    for file_path in instrumentation_files:
+        if os.path.exists(file_path):
+            try:
+                with open(file_path, ""r"", encoding=""utf-8"") as f:
+                    file_content = f.read()
+                relative_path = os.path.relpath(file_path, "".."")
+                if file_path.endswith("".py""):
+                    content += f""### {relative_path}\n\n```python\n{file_content}\n```\n\n""
+                else:
+                    content += f""### {relative_path}\n\n{file_content}\n\n""
+            except Exception as e:
+                print(f""Warning: Could not read {file_path}: {e}"")
+    
     content += ""## Examples\n\n""
-    content += ""- [OpenAI Examples](https://docs.agentops.ai/v2/examples/openai) - OpenAI integration examples\n""
-    content += ""- [LangChain Examples](https://docs.agentops.ai/v2/examples/langchain) - LangChain usage examples\n""
-    content += ""- [CrewAI Examples](https://docs.agentops.ai/v2/examples/crewai) - Multi-agent CrewAI examples\n""
-    content += ""- [AutoGen Examples](https://docs.agentops.ai/v2/examples/autogen) - Microsoft AutoGen examples\n""
-    content += ""- [Anthropic Examples](https://docs.agentops.ai/v2/examples/anthropic) - Anthropic Claude examples\n""
-    content += ""- [All Examples](https://docs.agentops.ai/v2/examples/examples) - Complete examples collection\n\n""
-
-    content += ""## Repository & Community\n\n""
-    content += ""- [GitHub Repository](https://github.com/AgentOps-AI/agentops) - Source code and issues\n""
-    content += ""- [Contributing Guide](https://github.com/AgentOps-AI/agentops/blob/main/CONTRIBUTING.md) - How to contribute\n""
-    content += ""- [Discord Community](https://discord.gg/FagdcwwXRR) - Join our Discord server\n""
-    content += ""- [AgentOps Dashboard](https://app.agentops.ai/) - Access the web dashboard\n""
-    content += ""- [Documentation](https://docs.agentops.ai) - Complete documentation site\n\n""
+    
+    example_files = [
+        ""../examples/openai/openai_example_sync.py"",
+        ""../examples/crewai/job_posting.py"",
+        ""../examples/langchain/langchain_examples.py"",
+        ""../examples/README.md""
+    ]
+    
+    for file_path in example_files:
+        if os.path.exists(file_path):
+            try:
+                with open(file_path, ""r"", encoding=""utf-8"") as f:
+                    file_content = f.read()
+                relative_path = os.path.relpath(file_path, "".."")
+                if file_path.endswith("".py""):
+                    content += f""### {relative_path}\n\n```python\n{file_content}\n```\n\n""
+                else:
+                    content += f""### {relative_path}\n\n{file_content}\n\n""
+            except Exception as e:
+                print(f""Warning: Could not read {file_path}: {e}"")
 
-    # Write the structured content to llms.txt in the repository root
     output_path = Path(""../llms.txt"")
     output_path.write_text(content, encoding=""utf-8"")
-    print(f""Successfully compiled structured llms.txt to {output_path.absolute()}"")
+    print(f""Successfully compiled comprehensive llms.txt to {output_path.absolute()}"")
     print(f""Total content length: {len(content)} characters"")
-    print(f""Link count: {content.count('](https://')}"")
+    
+    try:
+        import llms_txt
+        print("" llms-txt package available for validation"")
+        
+        try:
+            parsed_content = llms_txt.parse_llms_file(content)
+            print("" llms.txt content successfully parsed by llms-txt library"")
+            
+            title = getattr(parsed_content, 'title', 'Unknown')
+            summary = getattr(parsed_content, 'summary', 'No summary')
+            sections = getattr(parsed_content, 'sections', {})
+            
+            import re
+            link_pattern = r'\[([^\]]+)\]\(([^)]+)\)'
+            links = re.findall(link_pattern, content)
+            
+            print(f"" Validation results:"")
+            print(f""   - Title: {title}"")
+            print(f""   - Summary: {summary[:100]}{'...' if len(summary) > 100 else ''}"")
+            print(f""   - Sections parsed: {len(sections)}"")
+            print(f""   - Links found: {len(links)}"")
+            print(f""   - Content size: {len(content)} characters"")
+            
+            has_h1 = content.startswith('# ')
+            has_blockquote = '> ' in content[:500]  # Check first 500 chars for summary
+            h2_count = content.count('\n## ')
+            
+            print(f"" Structure validation:"")
+            print(f""   - H1 header: {'' if has_h1 else ''}"")
+            print(f""   - Blockquote summary: {'' if has_blockquote else ''}"")
+            print(f""   - H2 sections: {h2_count}"")
+            
+        except Exception as parse_error:
+            print(f""  llms-txt parsing error: {parse_error}"")
+            print(""  Content may not be fully compliant with llms.txt standard"")
+            
+    except ImportError:
+        print(""  llms-txt package not available, skipping library validation"")
+        print("" Install with: pip install llms-txt"")
 
 
 if __name__ == ""__main__"":"
3271196926,b3c33fe3603254485dbf9f82b19d43ace616fc0a,"Enhance llms.txt with comprehensive repository content and llms-txt library integration

- Include actual repository content: README, CONTRIBUTING, core SDK files, documentation, instrumentation, and examples
- Integrate llms-txt library for proper validation and parsing
- Generated comprehensive 167KB llms.txt with real code content instead of just links
- Fix llms-txt API usage to use parse_llms_file() function correctly
- Add detailed validation output showing parsed title, summary, sections, and links

Co-Authored-By: Pratyush Shukla <pratyush@agentops.ai>",llms.txt,modified,4376.0,41.0,4417.0,
3271196926,bdab09082fb86c2b186e0fac888dba10879e004a,"Fix llms.txt content cleaning to remove tables and emojis that cause parsing issues

- Enhanced clean_html_content function to remove markdown tables and special characters
- Remove emojis and non-ASCII characters that break llms-txt library regex parsing
- Generated comprehensive 154KB llms.txt with actual repository content
- Note: llms-txt library has parsing issues with comprehensive content but online validator should work

Co-Authored-By: Pratyush Shukla <pratyush@agentops.ai>",docs/compile_llms_txt.py,modified,31.0,2.0,33.0,"@@ -1,8 +1,35 @@
 import os
 import glob
+import re
 from pathlib import Path
 
 
+def clean_html_content(text):
+    """"""Remove HTML tags and clean content for llms.txt compatibility.""""""
+    text = re.sub(r'<[^>]+>', '', text)
+    
+    lines = text.split('\n')
+    cleaned_lines = []
+    in_table = False
+    
+    for line in lines:
+        stripped = line.strip()
+        
+        if '|' in stripped and (stripped.startswith('|') or stripped.count('|') >= 2):
+            in_table = True
+            continue
+        elif in_table and (stripped.startswith('-') or not stripped):
+            continue
+        else:
+            in_table = False
+        
+        cleaned_line = re.sub(r'[^\x00-\x7F]+', '', line)
+        
+        if cleaned_line.strip() or (cleaned_lines and cleaned_lines[-1].strip()):
+            cleaned_lines.append(cleaned_line)
+    
+    return '\n'.join(cleaned_lines)
+
 def compile_llms_txt():
     """"""Compile a comprehensive llms.txt file with actual repository content.""""""
     
@@ -13,16 +40,18 @@ def compile_llms_txt():
     try:
         with open(""../README.md"", ""r"", encoding=""utf-8"") as f:
             readme_content = f.read()
+        cleaned_readme = clean_html_content(readme_content)
         content += ""## Repository Overview\n\n""
-        content += readme_content + ""\n\n""
+        content += cleaned_readme + ""\n\n""
     except Exception as e:
         print(f""Warning: Could not read README.md: {e}"")
     
     try:
         with open(""../CONTRIBUTING.md"", ""r"", encoding=""utf-8"") as f:
             contributing_content = f.read()
+        cleaned_contributing = clean_html_content(contributing_content)
         content += ""## Contributing Guide\n\n""
-        content += contributing_content + ""\n\n""
+        content += cleaned_contributing + ""\n\n""
     except Exception as e:
         print(f""Warning: Could not read CONTRIBUTING.md: {e}"")
     "
3271196926,bdab09082fb86c2b186e0fac888dba10879e004a,"Fix llms.txt content cleaning to remove tables and emojis that cause parsing issues

- Enhanced clean_html_content function to remove markdown tables and special characters
- Remove emojis and non-ASCII characters that break llms-txt library regex parsing
- Generated comprehensive 154KB llms.txt with actual repository content
- Note: llms-txt library has parsing issues with comprehensive content but online validator should work

Co-Authored-By: Pratyush Shukla <pratyush@agentops.ai>",llms.txt,modified,46.0,224.0,270.0,"@@ -4,96 +4,18 @@
 
 ## Repository Overview
 
-<div align=""center"">
-  <a href=""https://agentops.ai?ref=gh"">
-    <img src=""docs/images/external/logo/github-banner.png"" alt=""Logo"">
-  </a>
-</div>
-
-<div align=""center"">
-  <em>Observability and DevTool platform for AI Agents</em>
-</div>
-
-<br />
-
-<div align=""center"">
-  <a href=""https://pepy.tech/project/agentops"">
-    <img src=""https://static.pepy.tech/badge/agentops/month"" alt=""Downloads"">
-  </a>
-  <a href=""https://github.com/agentops-ai/agentops/issues"">
-  <img src=""https://img.shields.io/github/commit-activity/m/agentops-ai/agentops"" alt=""git commit activity"">
-  </a>
-  <img src=""https://img.shields.io/pypi/v/agentops?&color=3670A0"" alt=""PyPI - Version"">
-  <a href=""https://github.com/AgentOps-AI/agentops-ts"">
-    <img src=""https://img.shields.io/badge/TypeScript%20SDK-Available-blue?&color=3670A0"" alt=""TypeScript SDK"">
-  </a>
-  <a href=""https://opensource.org/licenses/MIT"">
-    <img src=""https://img.shields.io/badge/License-MIT-yellow.svg?&color=3670A0"" alt=""License: MIT"">
-  </a>
-  <a href=""https://smithery.ai/server/@AgentOps-AI/agentops-mcp"">
-    <img src=""https://smithery.ai/badge/@AgentOps-AI/agentops-mcp""/>
-  </a>
-</div>
-
-<p align=""center"">
-  <a href=""https://twitter.com/agentopsai/"">
-    <img src=""https://img.shields.io/twitter/follow/agentopsai?style=social"" alt=""Twitter"" style=""height: 20px;"">
-  </a>
-  <a href=""https://discord.gg/FagdcwwXRR"">
-    <img src=""https://img.shields.io/badge/discord-7289da.svg?style=flat-square&logo=discord"" alt=""Discord"" style=""height: 20px;"">
-  </a>
-  <a href=""https://app.agentops.ai/?ref=gh"">
-    <img src=""https://img.shields.io/badge/Dashboard-blue.svg?style=flat-square"" alt=""Dashboard"" style=""height: 20px;"">
-  </a>
-  <a href=""https://docs.agentops.ai/introduction"">
-    <img src=""https://img.shields.io/badge/Documentation-orange.svg?style=flat-square"" alt=""Documentation"" style=""height: 20px;"">
-  </a>
-  <a href=""https://entelligence.ai/AgentOps-AI&agentops"">
-    <img src=""https://img.shields.io/badge/Chat%20with%20Docs-green.svg?style=flat-square"" alt=""Chat with Docs"" style=""height: 20px;"">
-  </a>
-</p>
-
-<div align=""center"">
-  <video src=""https://github.com/user-attachments/assets/dfb4fa8d-d8c4-4965-9ff6-5b8514c1c22f"" width=""650"" autoplay loop muted></video>
-</div>
-
-<br/>
+  Observability and DevTool platform for AI Agents
 
 AgentOps helps developers build, evaluate, and monitor AI agents. From prototype to production.
 
-## Key Integrations 
+## Key Integrations 
 
-<div align=""center"" style=""background-color: white; padding: 20px; border-radius: 10px; margin: 0 auto; max-width: 800px;"">
-  <div style=""display: flex; flex-wrap: wrap; justify-content: center; align-items: center; gap: 30px; margin-bottom: 20px;"">
-    <a href=""https://docs.agentops.ai/v2/integrations/openai_agents_python""><img src=""docs/images/external/openai/agents-sdk.svg"" height=""45"" alt=""OpenAI Agents SDK""></a>
-    <a href=""https://docs.agentops.ai/v1/integrations/crewai""><img src=""docs/v1/img/docs-icons/crew-banner.png"" height=""45"" alt=""CrewAI""></a>
-    <a href=""https://docs.ag2.ai/docs/ecosystem/agentops""><img src=""docs/images/external/ag2/ag2-logo.svg"" height=""45"" alt=""AG2 (AutoGen)""></a>
-    <a href=""https://docs.agentops.ai/v1/integrations/microsoft""><img src=""docs/images/external/microsoft/microsoft_logo.svg"" height=""45"" alt=""Microsoft""></a>
-  </div>
-  
-  <div style=""display: flex; flex-wrap: wrap; justify-content: center; align-items: center; gap: 30px; margin-bottom: 20px;"">
-    <a href=""https://docs.agentops.ai/v1/integrations/langchain""><img src=""docs/images/external/langchain/langchain-logo.svg"" height=""45"" alt=""LangChain""></a>
-    <a href=""https://docs.agentops.ai/v1/integrations/camel""><img src=""docs/images/external/camel/camel.png"" height=""45"" alt=""Camel AI""></a>
-    <a href=""https://docs.llamaindex.ai/en/stable/module_guides/observability/?h=agentops#agentops""><img src=""docs/images/external/ollama/ollama-icon.png"" height=""45"" alt=""LlamaIndex""></a>
-    <a href=""https://docs.agentops.ai/v1/integrations/cohere""><img src=""docs/images/external/cohere/cohere-logo.svg"" height=""45"" alt=""Cohere""></a>
-  </div>
-</div>
-
-|                                       |                                                               |
-| ------------------------------------- | ------------------------------------------------------------- |
-|  **Replay Analytics and Debugging** | Step-by-step agent execution graphs                           |
-|  **LLM Cost Management**            | Track spend with LLM foundation model providers               |
-|  **Agent Benchmarking**             | Test your agents against 1,000+ evals                         |
-|  **Compliance and Security**        | Detect common prompt injection and data exfiltration exploits |
-|  **Framework Integrations**         | Native Integrations with CrewAI, AG2 (AutoGen), Camel AI, & LangChain         |
-
-## Quick Start 
+## Quick Start 
 
 ```bash
 pip install agentops
 ```
 
-
 #### Session replays in 2 lines of code
 
 Initialize the AgentOps client and automatically get analytics on all your LLM calls.
@@ -104,7 +26,7 @@ Initialize the AgentOps client and automatically get analytics on all your LLM c
 import agentops
 
 # Beginning of your program (i.e. main.py, __init__.py)
-agentops.init( < INSERT YOUR API KEY HERE >)
+agentops.init( )
 
 ...
 
@@ -113,42 +35,16 @@ agentops.end_session('Success')
 ```
 
 All your sessions can be viewed on the [AgentOps dashboard](https://app.agentops.ai?ref=gh)
-<br/>
-
-<details>
-  <summary>Agent Debugging</summary>
-  <a href=""https://app.agentops.ai?ref=gh"">
-    <img src=""docs/images/external/app_screenshots/session-drilldown-metadata.png"" style=""width: 90%;"" alt=""Agent Metadata""/>
-  </a>
-  <a href=""https://app.agentops.ai?ref=gh"">
-    <img src=""docs/images/external/app_screenshots/chat-viewer.png"" style=""width: 90%;"" alt=""Chat Viewer""/>
-  </a>
-  <a href=""https://app.agentops.ai?ref=gh"">
-    <img src=""docs/images/external/app_screenshots/session-drilldown-graphs.png"" style=""width: 90%;"" alt=""Event Graphs""/>
-  </a>
-</details>
-
-<details>
-  <summary>Session Replays</summary>
-  <a href=""https://app.agentops.ai?ref=gh"">
-    <img src=""docs/images/external/app_screenshots/session-replay.png"" style=""width: 90%;"" alt=""Session Replays""/>
-  </a>
-</details>
-
-<details>
-  <summary>Summary Analytics</summary>
-  <a href=""https://app.agentops.ai?ref=gh"">
-   <img src=""docs/images/external/app_screenshots/overview.png"" style=""width: 90%;"" alt=""Summary Analytics""/>
-  </a>
-  <a href=""https://app.agentops.ai?ref=gh"">
-   <img src=""docs/images/external/app_screenshots/overview-charts.png"" style=""width: 90%;"" alt=""Summary Analytics Charts""/>
-  </a>
-</details>
-
 
+  Agent Debugging
+  
+  Session Replays
+  
+  Summary Analytics
+  
 ### First class Developer Experience
 Add powerful observability to your agents, tools, and functions with as little code as possible: one line at a time.
-<br/>
+
 Refer to our [documentation](http://docs.agentops.ai)
 
 ```python
@@ -221,9 +117,9 @@ All decorators support:
 - Generator functions
 - Custom attributes and names
 
-## Integrations 
+## Integrations 
 
-### OpenAI Agents SDK 
+### OpenAI Agents SDK 
 
 Build multi-agent systems with tools, handoffs, and guardrails. AgentOps natively integrates with the OpenAI Agents SDKs for both Python and TypeScript.
 
@@ -245,7 +141,7 @@ npm install agentops @openai/agents
 - [TypeScript integration guide](https://docs.agentops.ai/v2/integrations/openai_agents_js)
 - [OpenAI Agents JS documentation](https://openai.github.io/openai-agents-js)
 
-### CrewAI 
+### CrewAI 
 
 Build Crew agents with observability in just 2 lines of code. Simply set an `AGENTOPS_API_KEY` in your environment, and your crews will get automatic monitoring on the AgentOps dashboard.
 
@@ -256,22 +152,21 @@ pip install 'crewai[agentops]'
 - [AgentOps integration example](https://docs.agentops.ai/v1/integrations/crewai)
 - [Official CrewAI documentation](https://docs.crewai.com/how-to/AgentOps-Observability)
 
-### AG2 
+### AG2 
 With only two lines of code, add full observability and monitoring to AG2 (formerly AutoGen) agents. Set an `AGENTOPS_API_KEY` in your environment and call `agentops.init()`
 
 - [AG2 Observability Example](https://docs.ag2.ai/notebooks/agentchat_agentops)
 - [AG2 - AgentOps Documentation](https://docs.ag2.ai/docs/ecosystem/agentops)
 
-### Camel AI 
+### Camel AI 
 
 Track and analyze CAMEL agents with full observability. Set an `AGENTOPS_API_KEY` in your environment and initialize AgentOps to get started.
 
 - [Camel AI](https://www.camel-ai.org/) - Advanced agent communication framework
 - [AgentOps integration example](https://docs.agentops.ai/v1/integrations/camel)
 - [Official Camel AI documentation](https://docs.camel-ai.org/cookbooks/agents_tracking.html)
 
-<details>
-  <summary>Installation</summary>
+  Installation
 
 ```bash
 pip install ""camel-ai[all]==0.2.11""
@@ -319,14 +214,12 @@ agentops.end_session(""Success"")
 ```
 
 Check out our [Camel integration guide](https://docs.agentops.ai/v1/integrations/camel) for more examples including multi-agent scenarios.
-</details>
 
-### Langchain 
+### Langchain 
 
 AgentOps works seamlessly with applications built using Langchain. To use the handler, install Langchain as an optional dependency:
 
-<details>
-  <summary>Installation</summary>
+  Installation
   
 ```shell
 pip install agentops[langchain]
@@ -357,17 +250,14 @@ agent = initialize_agent(tools,
 
 Check out the [Langchain Examples Notebook](./examples/langchain/langchain_examples.ipynb) for more details including Async handlers.
 
-</details>
-
-### Cohere 
+### Cohere 
 
 First class support for Cohere(>=5.4.0). This is a living integration, should you need any added functionality please message us on Discord!
 
 - [AgentOps integration example](https://docs.agentops.ai/v1/integrations/cohere)
 - [Official Cohere documentation](https://docs.cohere.com/reference/about)
 
-<details>
-  <summary>Installation</summary>
+  Installation
   
 ```bash
 pip install cohere
@@ -378,7 +268,7 @@ import cohere
 import agentops
 
 # Beginning of program's code (i.e. main.py, __init__.py)
-agentops.init(<INSERT YOUR API KEY HERE>)
+agentops.init()
 co = cohere.Client()
 
 chat = co.chat(
@@ -395,7 +285,7 @@ import cohere
 import agentops
 
 # Beginning of program's code (i.e. main.py, __init__.py)
-agentops.init(<INSERT YOUR API KEY HERE>)
+agentops.init()
 
 co = cohere.Client()
 
@@ -409,18 +299,15 @@ for event in stream:
 
 agentops.end_session('Success')
 ```
-</details>
 
-
-### Anthropic 
+### Anthropic 
 
 Track agents built with the Anthropic Python SDK (>=0.32.0).
 
 - [AgentOps integration guide](https://docs.agentops.ai/v1/integrations/anthropic)
 - [Official Anthropic documentation](https://docs.anthropic.com/en/docs/welcome)
 
-<details>
-  <summary>Installation</summary>
+  Installation
   
 ```bash
 pip install anthropic
@@ -431,7 +318,7 @@ import anthropic
 import agentops
 
 # Beginning of program's code (i.e. main.py, __init__.py)
-agentops.init(<INSERT YOUR API KEY HERE>)
+agentops.init()
 
 client = anthropic.Anthropic(
     # This is the default and can be omitted
@@ -459,7 +346,7 @@ import anthropic
 import agentops
 
 # Beginning of program's code (i.e. main.py, __init__.py)
-agentops.init(<INSERT YOUR API KEY HERE>)
+agentops.init()
 
 client = anthropic.Anthropic(
     # This is the default and can be omitted
@@ -499,7 +386,6 @@ client = AsyncAnthropic(
     api_key=os.environ.get(""ANTHROPIC_API_KEY""),
 )
 
-
 async def main() -> None:
     message = await client.messages.create(
         max_tokens=1024,
@@ -513,20 +399,17 @@ async def main() -> None:
     )
     print(message.content)
 
-
 await main()
 ```
-</details>
 
-### Mistral 
+### Mistral 
 
 Track agents built with the Mistral Python SDK (>=0.32.0).
 
 - [AgentOps integration example](./examples/mistral//mistral_example.ipynb)
 - [Official Mistral documentation](https://docs.mistral.ai)
 
-<details>
-  <summary>Installation</summary>
+  Installation
   
 ```bash
 pip install mistralai
@@ -539,7 +422,7 @@ from mistralai import Mistral
 import agentops
 
 # Beginning of program's code (i.e. main.py, __init__.py)
-agentops.init(<INSERT YOUR API KEY HERE>)
+agentops.init()
 
