REPOID,LANG,STARS,REPOURL
987641962,TypeScript,0.0,https://api.github.com/repos/1010-dev/senjudev-site
990249393,Java,0.0,https://api.github.com/repos/106-/HellSinkerWallPaper
1009549206,Python,0.0,https://api.github.com/repos/1genadam/tileshop-rag
983546765,Python,0.0,https://api.github.com/repos/1kimnet/ETL-pipeline
1024190983,JavaScript,0.0,https://api.github.com/repos/20m61/lightningtalk-circle
1016407241,TypeScript,0.0,https://api.github.com/repos/20m61/my-gen-ai-usecase
953066563,TypeScript,0.0,https://api.github.com/repos/20m61/v1z3r
996370638,TypeScript,2.0,https://api.github.com/repos/2389-research/mcp-socialmedia
987696787,TypeScript,0.0,https://api.github.com/repos/24taro/notebooklm-collector
1014675273,TypeScript,1.0,https://api.github.com/repos/2bo/personal-recruit-agent
1010077257,Lua,0.0,https://api.github.com/repos/3dyuval/nvim
653589102,Python,11095.0,https://api.github.com/repos/567-labs/instructor
912106066,Python,259.0,https://api.github.com/repos/567-labs/kura
984941626,Python,0.0,https://api.github.com/repos/8ly-dev/Serv
965246729,TypeScript,0.0,https://api.github.com/repos/9alvaro0/swiftly
996220523,Python,0.0,https://api.github.com/repos/9c5s/imas_music_db
1024368361,Rust,0.0,https://api.github.com/repos/ADORSYS-GIS/ledger-banking-rust
1022735807,Lean,1.0,https://api.github.com/repos/AICardiologist/FoundationRelativity
926359828,Python,0.0,https://api.github.com/repos/AeyeOps/mgit
979863463,JavaScript,0.0,https://api.github.com/repos/AichiroFunakoshi/4o_image_generationv3.0
1012151131,TypeScript,19.0,https://api.github.com/repos/Airbolt-AI/airbolt
999779110,Shell,169.0,https://api.github.com/repos/Akira-Papa/Claude-Code-Communication
586045255,TypeScript,0.0,https://api.github.com/repos/AleksejDix/grundstein
932576186,TypeScript,1.0,https://api.github.com/repos/An9Yang/ideacanvas
1004645627,HTML,0.0,https://api.github.com/repos/Anderson413366/web
1020212256,Python,2.0,https://api.github.com/repos/AndreaBozzo/Osservatorio
1018620496,Python,14.0,https://api.github.com/repos/AndrewAltimit/template-repo
1011118771,JavaScript,0.0,https://api.github.com/repos/AndrewCorlett/Seascape-op
1007663673,JavaScript,0.0,https://api.github.com/repos/AndrewCorlett/yacht-charter-dashboard
785363855,Python,5.0,https://api.github.com/repos/AnthusAI/Plexus
942583312,TypeScript,1.0,https://api.github.com/repos/Anton-Mushnin/degen-gambit-matrix
1006267215,Shell,7.0,https://api.github.com/repos/AodhanHayter/opencode-flake
983919715,TypeScript,0.0,https://api.github.com/repos/AojdevStudio/dental-dashboard
999603938,TypeScript,0.0,https://api.github.com/repos/Aokuma0628/VoteNow
956582346,Java,1.0,https://api.github.com/repos/Apotheneum/Apotheneum
1009595274,C#,0.0,https://api.github.com/repos/AppifySheets/Human-Readable-Calculation-Steps-Dotnet
551079079,Java,0.0,https://api.github.com/repos/Apurva007/pulsar
1021924489,JavaScript,0.0,https://api.github.com/repos/ArrowX-ai/geojson-places
1016441955,Lua,0.0,https://api.github.com/repos/ArturNiklewicz/nvim-config
1022167048,TypeScript,0.0,https://api.github.com/repos/Askath/work_timer
768989000,Python,1.0,https://api.github.com/repos/AstroMined/quiz-app
994792912,Julia,2.0,https://api.github.com/repos/Astroshaper/AsteroidShapeModels.jl
306884480,Julia,49.0,https://api.github.com/repos/Astroshaper/AsteroidThermoPhysicalModels.jl
1022676761,TypeScript,0.0,https://api.github.com/repos/AustinOrphan/markdown-docs-viewer
1005709697,TypeScript,0.0,https://api.github.com/repos/AustinOrphan/running-app-mvp
1016121953,TypeScript,0.0,https://api.github.com/repos/Automattic/mcp-server-gravatar-remote
899771273,Go,1.0,https://api.github.com/repos/Azure/ARO-Tools
399618999,TypeScript,94.0,https://api.github.com/repos/Azure/LogicAppsUX
1018316342,Dart,0.0,https://api.github.com/repos/Babas10/petrolTracker
1022192628,Go,0.0,https://api.github.com/repos/Backland-Labs/alpine
988646117,Python,0.0,https://api.github.com/repos/Backland-Labs/quorum-ai
1022535294,Python,0.0,https://api.github.com/repos/BarryMolina/mathsfun
998428732,Python,5465.0,https://api.github.com/repos/BeehiveInnovations/zen-mcp-server
317441537,Python,38.0,https://api.github.com/repos/Benature/flomo
965972983,Lean,2.0,https://api.github.com/repos/Beneficial-AI-Foundation/NumpySpec
1022410095,TypeScript,1.0,https://api.github.com/repos/BernardUriza/murmuraba
993162618,TypeScript,0.0,https://api.github.com/repos/Bernie638/Quiz_meh
671269505,Python,26663.0,https://api.github.com/repos/BerriAI/litellm
600932680,JavaScript,75.0,https://api.github.com/repos/BibliothecaDAO/eternum
920788534,Python,0.0,https://api.github.com/repos/BillDuke13/dyvine
897257115,Jupyter Notebook,7.0,https://api.github.com/repos/BittnerPierre/AI-Agent-Casebook
988128909,Python,2.0,https://api.github.com/repos/BjornMelin/ai-docs-vector-db-hybrid-scraper
1005254204,Shell,0.0,https://api.github.com/repos/BjornMelin/claude-code-docker
983797783,Python,5.0,https://api.github.com/repos/BjornMelin/mcp-search-hub
980297862,Python,10.0,https://api.github.com/repos/BjornMelin/tripsage-ai
1007110498,Shell,0.0,https://api.github.com/repos/Bohemian1506/BOR-
1012290557,HTML,0.0,https://api.github.com/repos/Bohemian1506/Radio-Calisthenics
837734618,TypeScript,2.0,https://api.github.com/repos/Book-Cook/book-cook
1007012075,JavaScript,0.0,https://api.github.com/repos/BridgeXconnect/ai-language-learning-platform
684437196,Rust,0.0,https://api.github.com/repos/BudEcosystem/bud-runtime
979972888,TypeScript,0.0,https://api.github.com/repos/BudEcosystem/bud-serve-dashboard
993620150,Rust,0.0,https://api.github.com/repos/BudEcosystem/tensorzero
746845639,Go,0.0,https://api.github.com/repos/BumpyClock/digests-api
509104703,CSS,4.0,https://api.github.com/repos/ButterCMS/rails-starter-buttercms
1002339838,TypeScript,0.0,https://api.github.com/repos/CHIHI913/article-generator
969378829,Python,9.0,https://api.github.com/repos/CIRISAI/CIRISAgent
826482545,Kotlin,2.0,https://api.github.com/repos/CXwudi/realworld-compose-http4k-example-app
903712355,HTML,0.0,https://api.github.com/repos/CaCC-Lab/Ultimate_Squash_Game
984162180,Python,0.0,https://api.github.com/repos/CaCC-Lab/workplace-roleplay
957307244,Python,1.0,https://api.github.com/repos/CambrianTech/sentinel-ai
1018561821,Python,1.0,https://api.github.com/repos/ChadHattabaugh/pyProjectFactory
938473983,Python,0.0,https://api.github.com/repos/ChaosKyle/iracing-grafana-observability
764161393,Python,4.0,https://api.github.com/repos/ChipFlow/chipflow-lib
1010399084,TypeScript,0.0,https://api.github.com/repos/Chrisdesmurger/lettercraft
997295540,,0.0,https://api.github.com/repos/ChristianBirke/just-prompt
997508911,Python,0.0,https://api.github.com/repos/CintraAI/svg-designer
1020449226,TypeScript,1.0,https://api.github.com/repos/ClaytonHunt/claude-agent-manager
982286825,TypeScript,1.0,https://api.github.com/repos/ClearMatch/clear-match
1027226805,Python,0.0,https://api.github.com/repos/CloudDataConsulting/cdc-devtools
608971366,Python,0.0,https://api.github.com/repos/Cloudzero/cloudzero-telemetry-library
2203645,Ruby,14736.0,https://api.github.com/repos/CocoaPods/CocoaPods
570529748,Rust,40.0,https://api.github.com/repos/CodSpeedHQ/codspeed-rust
948148972,C#,828.0,https://api.github.com/repos/CoderGamester/mcp-unity
981312909,TypeScript,0.0,https://api.github.com/repos/CodySwannGT/ai-coding-assistants-setup
1015670026,TypeScript,0.0,https://api.github.com/repos/Consiliency/cal.com
997968918,JavaScript,0.0,https://api.github.com/repos/Cooledricesh/Psyrehab
1010766753,Python,0.0,https://api.github.com/repos/CooperBigFoot/RL-demo
992439142,,0.0,https://api.github.com/repos/Craigboss/spondals1
1026241525,TypeScript,0.0,https://api.github.com/repos/CryptoYogiLLC/AI-Discover
1026289395,Go,8.0,https://api.github.com/repos/Curator4/io-tui
939482966,Python,6.0,https://api.github.com/repos/DamianB-BitFlipper/uttertype
1021893703,Shell,0.0,https://api.github.com/repos/DanMarshall909/WorkFlo
894202612,TypeScript,0.0,https://api.github.com/repos/DanielEskinazi/pointing-poker
677535841,Python,1.0,https://api.github.com/repos/DarcStar-Solutions-Tech/dilated-attention-pytorch
983651317,C++,0.0,https://api.github.com/repos/DashCoreAutoGuix/dash
748999783,Python,8.0,https://api.github.com/repos/Data-Simply/pyretailscience
1004536013,Python,0.0,https://api.github.com/repos/DavideFerri/Algonaut
977422077,Python,2.0,https://api.github.com/repos/DeanoC/AIWhisperer
942189466,TypeScript,1.0,https://api.github.com/repos/DecentralizedGeo/astral-api
756126820,Python,227.0,https://api.github.com/repos/Deep-Learning-Profiling-Tools/triton-viz
982554785,JavaScript,2329.0,https://api.github.com/repos/Deepractice/PromptX
1005949843,Python,0.0,https://api.github.com/repos/Deployment-Team/netbox-mcp
1018140121,JavaScript,0.0,https://api.github.com/repos/DevEcosystem/ecosystem-central-command
979444089,Python,0.0,https://api.github.com/repos/Digital-Native-Ventures/alfred-agent-platform-v2
1024341195,,0.0,https://api.github.com/repos/DimitriGeelen/1000-AI-Roles
944708038,TypeScript,3.0,https://api.github.com/repos/Diplow/hexframe
302843938,Shell,0.0,https://api.github.com/repos/Doarakko/dotfiles
1020332139,TypeScript,1.0,https://api.github.com/repos/DollhouseMCP/collection
1012033844,TypeScript,2.0,https://api.github.com/repos/DollhouseMCP/mcp-server
992063465,Python,0.0,https://api.github.com/repos/Draco3310/Gal-Friday2
1006610783,Swift,0.0,https://api.github.com/repos/DrunkOnJava/ModularHomeInventory
1008804296,TypeScript,0.0,https://api.github.com/repos/DuHerb/legendary-octo-potato
976419799,C#,1.0,https://api.github.com/repos/DylanMunyard/bf1942-stats
995595408,Lean,0.0,https://api.github.com/repos/ESRogs/sat-game
991045804,Python,12.0,https://api.github.com/repos/EchoingVesper/mcp-task-orchestrator
335386987,TypeScript,1.0,https://api.github.com/repos/Ed-Fi-Alliance-OSS/MetaEd-js
394207324,Go,1359.0,https://api.github.com/repos/Edgenesis/shifu
942441627,Python,0.0,https://api.github.com/repos/EdwardJXLi/discord-email-verify
901089955,TypeScript,141.0,https://api.github.com/repos/Effect-TS/effect-smol
862592884,Rust,85.0,https://api.github.com/repos/Embucket/embucket
1008116220,TypeScript,0.0,https://api.github.com/repos/Emlembow/promptpress
990262118,TypeScript,1.0,https://api.github.com/repos/Emlembow/vibe-dieting
862539324,Julia,10.0,https://api.github.com/repos/EpiAware/CensoredDistributions.jl
1029150404,TypeScript,0.0,https://api.github.com/repos/Esk3nder/fantasyblock
1022453144,TypeScript,0.0,https://api.github.com/repos/Esk3nder/promptdial
1013919169,TypeScript,0.0,https://api.github.com/repos/EtanHey/domica
909992183,Vue,0.0,https://api.github.com/repos/EurekAI-Lab/EurekHiringFrontend
1012227969,TypeScript,1.0,https://api.github.com/repos/FRONT-END-BOOTCAMP-PLUS-5/Ttabook
957738372,TypeScript,0.0,https://api.github.com/repos/FastLane-Labs/battle-nads-frontend
1012011987,TypeScript,0.0,https://api.github.com/repos/Fede654/lime-app
1013070935,Cairo,0.0,https://api.github.com/repos/FemiOje/ls2-renderer
980656324,Svelte,0.0,https://api.github.com/repos/Fermain/night-owls-go
842589907,PHP,116.0,https://api.github.com/repos/FinAegis/core-banking-prototype-laravel
1026412869,TypeScript,1.0,https://api.github.com/repos/Flamingo-CX/ui-kit
1014549728,TypeScript,2.0,https://api.github.com/repos/FlorinPeter/am-todos
912782163,Dart,6.0,https://api.github.com/repos/FlutterKaigi/2025
993025193,Python,0.0,https://api.github.com/repos/FuZhiyu/optimalgiv
1028401693,JavaScript,0.0,https://api.github.com/repos/G3LConsulting/darts-scorer
821971298,Python,240.0,https://api.github.com/repos/GetSoloTech/solo-server
908415894,JavaScript,568.0,https://api.github.com/repos/GongRzhe/Gmail-MCP-Server
997719260,TypeScript,0.0,https://api.github.com/repos/Gorton218/puppetfile-depgraph
1026917645,TypeScript,0.0,https://api.github.com/repos/HIDE-Kanazawa/my-sanity-site
943729617,Python,0.0,https://api.github.com/repos/HKUSTGZ-Campus-Forum/back-end
952083938,Python,0.0,https://api.github.com/repos/HeinzDoofenshmirtz285/notes-mgr-h
858593895,JavaScript,20.0,https://api.github.com/repos/HelgeSverre/vite-plugin-server-actions
1020660636,Python,0.0,https://api.github.com/repos/HenriquesLab/folder2md4llms
989859111,TypeScript,0.0,https://api.github.com/repos/HenryThriver/cultivate-hq
942506797,Python,0.0,https://api.github.com/repos/HerrKater/llm_translation
958460361,JavaScript,0.0,https://api.github.com/repos/Herrsosa/RunningMoti
1009180675,TypeScript,0.0,https://api.github.com/repos/HillTopTRPG/claude-code-test001
1006199494,TypeScript,0.0,https://api.github.com/repos/Hiro-Shiba-C/kanban-app
939617602,Java,1.0,https://api.github.com/repos/Hunter-Boone/discord-bot-java
1012889301,Python,1.0,https://api.github.com/repos/IAMCYBERRY/dani-platform
1014879377,TypeScript,0.0,https://api.github.com/repos/IAmMonkeyBoy/context-memory-store
475072415,Python,146.0,https://api.github.com/repos/INCATools/ontology-access-kit
1001077174,Python,1.0,https://api.github.com/repos/IgorGanapolsky/ai-kindlemint-engine
1003574134,Python,0.0,https://api.github.com/repos/IgorLeno/grimperium
998665928,Swift,0.0,https://api.github.com/repos/Imja-inc/ChildModeKit
1026051100,TypeScript,0.0,https://api.github.com/repos/InfoLoungeLLC/firestore-typed
645180041,TypeScript,172.0,https://api.github.com/repos/J-Tech-Japan/Sekiban
1007737505,Python,0.0,https://api.github.com/repos/JCLEE94/fortinet
992153985,TypeScript,1.0,https://api.github.com/repos/JacksonR64/LocalLoop
374466076,Lua,1.0,https://api.github.com/repos/Jakub3628800/dots
997313678,HTML,0.0,https://api.github.com/repos/Jakub3628800/py-coupler
1000790038,Rust,5.0,https://api.github.com/repos/Jeck0v/Guts
2786727,Python,1020.0,https://api.github.com/repos/JessicaTegner/pypandoc
1024669771,Python,0.0,https://api.github.com/repos/Jianxun/ams_compose
772371208,Rust,40.0,https://api.github.com/repos/Jij-Inc/ommx
1001061211,Python,0.0,https://api.github.com/repos/JimBarrows/obsidian-to-notion
989467843,Ruby,17.0,https://api.github.com/repos/JoeDupuis/summoncircle
939069894,Python,0.0,https://api.github.com/repos/JoeLorenzoMontano/gRPC-Kafka-VectorDb-Ollama
1004302728,Shell,0.0,https://api.github.com/repos/JoernStoehler/claude-code-shared-templates
1022064382,TypeScript,0.0,https://api.github.com/repos/JoernStoehler/tetraspore
1013995892,JavaScript,0.0,https://api.github.com/repos/JohanDevl/Exams-Viewer
945582514,Go,0.0,https://api.github.com/repos/JohanDevl/Export_Trakt_4_Letterboxd
703998226,Rust,515.0,https://api.github.com/repos/JonasKruckenberg/k23
838093526,Python,3385.0,https://api.github.com/repos/JoshuaC215/agent-service-toolkit
689467581,Julia,75.0,https://api.github.com/repos/JuliaBesties/BestieTemplate.jl
51950631,Julia,30.0,https://api.github.com/repos/JuliaCI/Nanosoldier.jl
159601233,Julia,684.0,https://api.github.com/repos/JuliaDebug/Cthulhu.jl
430564540,Julia,286.0,https://api.github.com/repos/JuliaLang/JuliaSyntax.jl
82341193,Julia,636.0,https://api.github.com/repos/JuliaLang/Pkg.jl
1644196,Julia,47416.0,https://api.github.com/repos/JuliaLang/julia
331648460,Julia,1434.0,https://api.github.com/repos/JuliaSymbolics/Symbolics.jl
596721181,Python,17.0,https://api.github.com/repos/JulianBMunoz/Zeus21
1004904338,JavaScript,0.0,https://api.github.com/repos/JunNakarai/flexispot-web-controller
763945168,Dart,2.0,https://api.github.com/repos/Junkfood-dk/JunkFoodApp
1006783756,Swift,7.0,https://api.github.com/repos/K9i-0/ClaudeCodeMonitor
888744595,JavaScript,0.0,https://api.github.com/repos/KNChiu/llm_agent_app
995108930,Python,0.0,https://api.github.com/repos/Kalorie560/FaceDetect
996462443,Python,0.0,https://api.github.com/repos/Kalorie560/OptimalFert
996818440,TypeScript,0.0,https://api.github.com/repos/Kaniikura/certquiz
1006029799,TypeScript,0.0,https://api.github.com/repos/KarakuriAgent/karakuri-sql-agent
1000599458,Julia,4.0,https://api.github.com/repos/Keno/ClaudeBox.jl
616968362,TypeScript,0.0,https://api.github.com/repos/KeppyNaushika/score-at-once-electron
871786749,Go,3.0,https://api.github.com/repos/KirkDiggler/dnd-bot-discord
1019820604,TypeScript,0.0,https://api.github.com/repos/KirkDiggler/rpg-dnd5e-web
1008674688,Go,2.0,https://api.github.com/repos/KirkDiggler/rpg-toolkit
1019798998,Python,0.0,https://api.github.com/repos/Kognys/kognys-agents-python
1020556829,Rust,0.0,https://api.github.com/repos/KooshaPari/vibe-kanban
912520077,Kotlin,3.0,https://api.github.com/repos/Kr1ptal/channels-kt
28627810,TypeScript,1.0,https://api.github.com/repos/Kroisse/budnamu
996718157,Rust,0.0,https://api.github.com/repos/Kroisse/tribute
1006742076,Python,0.0,https://api.github.com/repos/Kurasuai-Inc/star-tactics-room
243463116,Rust,111.0,https://api.github.com/repos/LLFourn/secp256kfun
1018480647,HTML,0.0,https://api.github.com/repos/LarisLabs/floodboy-astro
775633805,C#,1.0,https://api.github.com/repos/LayeredCraft/alexa-vox-craft
1019608472,Roff,1.0,https://api.github.com/repos/LeanVibe/agent-hive
997159195,,0.0,https://api.github.com/repos/LibraxisAI/mlx-examples
1026609635,TypeScript,0.0,https://api.github.com/repos/LloydVickeryASI/mcp-betterauth-nextjs
989649378,Jupyter Notebook,1.0,https://api.github.com/repos/LotsOfOrg/ship-kit
1001155909,Python,0.0,https://api.github.com/repos/Lucid-Directions/cashapp-fynlo
1014024750,TypeScript,0.0,https://api.github.com/repos/LukeFost/defivalley
1006309872,Java,0.0,https://api.github.com/repos/Luoq1-Xu/teammates
943078011,Lua,0.0,https://api.github.com/repos/Lyderian/ORGA
994343731,Swift,1.0,https://api.github.com/repos/MA-FS/whisper-node
148548634,Python,9.0,https://api.github.com/repos/MAAP-Project/maap-api-nasa
989134268,TypeScript,607.0,https://api.github.com/repos/MCPJam/inspector
659761773,MDX,5.0,https://api.github.com/repos/MagnivOrg/prompt-layer-docs
1026401959,Python,0.0,https://api.github.com/repos/Maheidem/bible-app
938859604,Python,2939.0,https://api.github.com/repos/MaiM-with-u/MaiBot
1018235486,Shell,1.0,https://api.github.com/repos/MansoorMajeed/kubernetes-lab
983413018,TypeScript,2.0,https://api.github.com/repos/Manumac86/finance-tracker
1021351002,JavaScript,0.0,https://api.github.com/repos/Marimo-317/claude_flow_windows
848509476,TypeScript,0.0,https://api.github.com/repos/MarkusWilliamsDev/next-portfolio
994218887,TypeScript,0.0,https://api.github.com/repos/MasashiFukuzawa/claude-code-action
184849335,TypeScript,7.0,https://api.github.com/repos/MasatoMakino/threejs-billboard
1006616651,Python,0.0,https://api.github.com/repos/Mei0001/slack_mcp_bot
714436542,TSQL,7.0,https://api.github.com/repos/MemberJunction/MJ
962022350,,0.0,https://api.github.com/repos/MementoRC/aider-mcp-server
940822270,Python,0.0,https://api.github.com/repos/MementoRC/hb-candles-feed
999021138,Python,0.0,https://api.github.com/repos/MementoRC/hb-strategy-sandbox
964897280,Python,0.0,https://api.github.com/repos/MementoRC/llm-pytest-analyzer
999007378,Python,0.0,https://api.github.com/repos/MementoRC/llm-task-framework
1001690718,Python,1.0,https://api.github.com/repos/MementoRC/mcp-git
774497032,Python,5243.0,https://api.github.com/repos/MervinPraison/PraisonAI
309730396,Java,2823.0,https://api.github.com/repos/MeteorDevelopment/meteor-client
843988367,Python,72.0,https://api.github.com/repos/Metta-AI/metta
918655824,Python,19.0,https://api.github.com/repos/MinBZK/poc-machine-law
1022671972,JavaScript,0.0,https://api.github.com/repos/Miyoshi-Ryota/vocabDict
292863196,C#,6.0,https://api.github.com/repos/ModerRAS/TelegramSearchBot
946770383,Python,4.0,https://api.github.com/repos/Monadical-SAS/cubbi
1001295650,TypeScript,0.0,https://api.github.com/repos/Moonsong-Labs/claude-nexus-proxy
1017952932,TypeScript,0.0,https://api.github.com/repos/Mr-akami/mermaid-gui
749406654,JavaScript,5.0,https://api.github.com/repos/NEAR-DevHub/neardevhub-treasury-dashboard
992002094,TypeScript,0.0,https://api.github.com/repos/Nagomin-dev/claude-code-playground
973344147,TypeScript,11.0,https://api.github.com/repos/NaniDAO/coinchan
1013207707,TypeScript,0.0,https://api.github.com/repos/NathanJGaul/form_manager
938517837,Rust,25.0,https://api.github.com/repos/Nayshins/ummon
1025577140,TypeScript,1.0,https://api.github.com/repos/NeuBlink/gitplus
920258875,Go,2.0,https://api.github.com/repos/Nexlayer/nexlayer-cli
1018361127,Kotlin,8.0,https://api.github.com/repos/Nexters/team-ace-client
988055192,HTML,0.0,https://api.github.com/repos/NikoToRA/chatgpt-plus-lp
882888464,TypeScript,68.0,https://api.github.com/repos/Nine-Minds/alga-psa
1019981600,Python,0.0,https://api.github.com/repos/NiranjanNlc/qloo
1012228615,TypeScript,2.0,https://api.github.com/repos/NoritakaIkeda/coverage-runner
1018873433,TypeScript,0.0,https://api.github.com/repos/Norton-Studios/momentum
994264526,PowerShell,0.0,https://api.github.com/repos/NotINeverMe/stig-auto
998510107,TypeScript,0.0,https://api.github.com/repos/OPS-PIvers/interactive_learning
1004739462,Go,0.0,https://api.github.com/repos/Obsidian-Owl/pi-scanner
627024850,Python,1339.0,https://api.github.com/repos/OpenAdaptAI/OpenAdapt
1012686678,,0.0,https://api.github.com/repos/OpenAgentsInc/cloudflare-ai
983756725,TypeScript,8.0,https://api.github.com/repos/OpenAgentsInc/commander
715683924,TypeScript,261.0,https://api.github.com/repos/OpenAgentsInc/openagents
1006414368,TypeScript,28335.0,https://api.github.com/repos/OpenCut-app/OpenCut
951252412,PHP,1.0,https://api.github.com/repos/OrasesWPDev/apw-woo-plugin
982787393,HTML,0.0,https://api.github.com/repos/OrasesWPDev/handy-custom
996738174,C#,0.0,https://api.github.com/repos/Orderlyze/Orderlyze.Sales
552722979,PHP,8.0,https://api.github.com/repos/OskarStark/enum-helper
1011831863,TypeScript,0.0,https://api.github.com/repos/Otoriha/CatIdea
1008090202,HTML,0.0,https://api.github.com/repos/Otoriha/Tiramisu-app
971630142,Java,3.0,https://api.github.com/repos/PAIR-Systems-Inc/goodmem
449091292,Rust,10371.0,https://api.github.com/repos/PRQL/prql
861734394,Jupyter Notebook,0.0,https://api.github.com/repos/PaperAnalyticalDeviceND/pad-analytics
981784351,PHP,0.0,https://api.github.com/repos/PartridgeRocks/laravel-gmail-client
852771334,C#,0.0,https://api.github.com/repos/PascalVorwerk/EasyWoWMacro
1000129035,Python,1.0,https://api.github.com/repos/PatrykIti/zen-mcp-server
1003892203,Shell,1.0,https://api.github.com/repos/Paul-Bonneville-Labs/arrgh-hub
800224014,Kotlin,0.0,https://api.github.com/repos/PauloHInocencio/ThePrice
1006463008,Nix,0.0,https://api.github.com/repos/PawlakMarek/nixos-config
1011464473,JavaScript,0.0,https://api.github.com/repos/PeanutBAMM/apex-hive
1007835080,TypeScript,0.0,https://api.github.com/repos/PengleiYu/screeps-ai
1013279774,Svelte,0.0,https://api.github.com/repos/PolicyEngine/obbba-scatter
556738538,Jupyter Notebook,58.0,https://api.github.com/repos/PolicyEngine/policyengine-app
999922784,TypeScript,0.0,https://api.github.com/repos/Popo422/jha-app
1010094375,Dart,0.0,https://api.github.com/repos/Practitionist/familiarise_mobile
139199684,Python,19894.0,https://api.github.com/repos/PrefectHQ/prefect
924285657,Python,10.0,https://api.github.com/repos/PrefectHQ/prefect-cloud
836892585,Go,14.0,https://api.github.com/repos/PrefectHQ/prefect-operator
1020870874,TypeScript,1.0,https://api.github.com/repos/Pricepro2006/CrewAI_Team
941907408,TypeScript,0.0,https://api.github.com/repos/Prototype-Cafe-LLC/pcafe2025
1009113929,Cairo,0.0,https://api.github.com/repos/Provable-Games/ls2-renderer
1005217095,Python,3.0,https://api.github.com/repos/Py-Forge-Cli/PyForge-CLI
424019915,Java,19.0,https://api.github.com/repos/R-Sandor/FindFirst
1023553201,Python,0.0,https://api.github.com/repos/RMLaroche/codectx
1018657842,Go,0.0,https://api.github.com/repos/RNG999/gones
993236490,Go,0.0,https://api.github.com/repos/RNG999/traffic-control-go
977458211,Swift,1.0,https://api.github.com/repos/RRRRRRR-777/TokoToko
1026127951,TypeScript,0.0,https://api.github.com/repos/RateteDev/discord-interface-mcp
464263102,TypeScript,23.0,https://api.github.com/repos/RawkodeAcademy/RawkodeAcademy
962050395,Python,9.0,https://api.github.com/repos/Red-Hat-AI-Innovation-Team/its_hub
887469218,Python,40.0,https://api.github.com/repos/Red-Hat-AI-Innovation-Team/sdg_hub
91584063,Python,26.0,https://api.github.com/repos/RedHatInsights/insights-client
695137946,Python,3.0,https://api.github.com/repos/RedHatInsights/pytest-client-tools
1004691556,Go,0.0,https://api.github.com/repos/RedShiftVelocity/sqlite-otel
992323880,Python,0.0,https://api.github.com/repos/Reishin-Sakuma/RCScheduler
1015800950,Python,0.0,https://api.github.com/repos/Reishin-Sakuma/ai-debate
990339094,C,0.0,https://api.github.com/repos/Reishin-Sakuma/car-buddy
779781092,MDX,0.0,https://api.github.com/repos/RelativeSure/personal-starlight-site
992210260,HTML,0.0,https://api.github.com/repos/RenTonoduka/LMLINE
733237282,Python,0.0,https://api.github.com/repos/ReproNim/reproschema-protocol-cookiecutter
108035205,Swift,2728.0,https://api.github.com/repos/RevenueCat/purchases-ios
1001781334,TypeScript,0.0,https://api.github.com/repos/RolandLittlehales/family-app
1002358097,Rust,0.0,https://api.github.com/repos/RolandLittlehales/rustic-agent
996896869,TypeScript,1.0,https://api.github.com/repos/RyanLisse/mexc-sniper-bot
1010054367,HTML,0.0,https://api.github.com/repos/RyanLisse/opencode-rs
1021467158,TypeScript,0.0,https://api.github.com/repos/RyanLisse/vibex-app
1016065367,C#,0.0,https://api.github.com/repos/RyusukeMatsumoto7C9-B-2/all-vibecoding-game-sample
965276850,Go,3.0,https://api.github.com/repos/S-Corkum/devops-mcp
753559724,C#,9.0,https://api.github.com/repos/SAIB-Inc/Chrysalis
976408267,Python,1.0,https://api.github.com/repos/Samar-Bons/snowflake-mcp-lambda
995662621,TypeScript,0.0,https://api.github.com/repos/SamiTouil/family-board-cursor-claude-sonnet-4-nodejs
1005328591,Python,0.0,https://api.github.com/repos/Saqoosha/unity-docs-mcp
1004172142,TypeScript,0.0,https://api.github.com/repos/SatoshiRoppongi/CountdownHub
831610733,Rust,3.0,https://api.github.com/repos/SauersML/RustWave
19125880,Julia,86.0,https://api.github.com/repos/SciML/CurveFit.jl
193565525,Julia,307.0,https://api.github.com/repos/SciML/DiffEqGPU.jl
959026909,Python,0.0,https://api.github.com/repos/SeanMooney/ca-bhfuil
1009285012,Python,5.0,https://api.github.com/repos/SecDev-Lab/sprout
354106178,Python,38.0,https://api.github.com/repos/SecKatie/wyzeapy
1022589410,Python,0.0,https://api.github.com/repos/ShakaTry/claude_flow
600113513,TypeScript,2165.0,https://api.github.com/repos/Shelf-nu/shelf.nu
1020994026,Python,0.0,https://api.github.com/repos/Shigakuresama/creative-quest
1018562973,TypeScript,0.0,https://api.github.com/repos/Shiou-Ju/mtp-resume
963547829,Ruby,754.0,https://api.github.com/repos/Shopify/roast
1012357711,Python,0.0,https://api.github.com/repos/Shoreline-Medical-Admin/shoreline-knowledge-base
1003089854,TypeScript,0.0,https://api.github.com/repos/Showichiro/games
1007577865,TypeScript,2.0,https://api.github.com/repos/ShunsukeHayashi/lark-openapi-mcp-enhanced
614765452,Python,177379.0,https://api.github.com/repos/Significant-Gravitas/AutoGPT
992151393,TypeScript,1.0,https://api.github.com/repos/Significant-Gravitas/integrations
1020950274,Julia,0.0,https://api.github.com/repos/SilentMalachite/julia_stock
514553345,C++,10280.0,https://api.github.com/repos/SoftFever/OrcaSlicer
918495007,JavaScript,1.0,https://api.github.com/repos/Stars1233/gitstream
912119270,TypeScript,1.0,https://api.github.com/repos/StevenWido/werun
1006496207,Python,11739.0,https://api.github.com/repos/SuperClaude-Org/SuperClaude_Framework
997346128,Emacs Lisp,0.0,https://api.github.com/repos/SuzumiyaAoba/bfepm
1014666672,TypeScript,0.0,https://api.github.com/repos/SuzumiyaAoba/jsont
954722941,TypeScript,0.0,https://api.github.com/repos/SuzumiyaAoba/tpeg
934946117,Python,0.0,https://api.github.com/repos/TSGCFO/LedgerLink
869903166,Blade,0.0,https://api.github.com/repos/Tann2019/odysseyclan
966581860,HTML,0.0,https://api.github.com/repos/Tantanok221/MusicShare
1012855440,Go,0.0,https://api.github.com/repos/Tattsum/quiz
1019776064,TypeScript,3.0,https://api.github.com/repos/TengHu/FactoryUI
960225366,,446.0,https://api.github.com/repos/TensorBlock/awesome-mcp-servers
833173524,TypeScript,28.0,https://api.github.com/repos/TerraConstructs/base
372919508,C#,4.0,https://api.github.com/repos/TetraspaceW/VanDNationGame
992640039,TypeScript,0.0,https://api.github.com/repos/Tetsuya-Minase/code-review-extension
1021155542,Python,0.0,https://api.github.com/repos/TexasCoding/project-x-py
941074081,HTML,0.0,https://api.github.com/repos/TheCrazyGM/market-viewr
994496747,HTML,0.0,https://api.github.com/repos/TheIllusionOfLife/Eureka
1013202128,C#,1.0,https://api.github.com/repos/Third-Opinion/AppInfraCdkV1
992695372,Rust,2.0,https://api.github.com/repos/ThreatFlux/file-scanner
1019959870,,0.0,https://api.github.com/repos/Tiryoh/claude-code-sandbox
1010519374,JavaScript,0.0,https://api.github.com/repos/Tokiopro/CULTIReFINE-PHP
862917615,Python,0.0,https://api.github.com/repos/Tomodo1773/line-character-agent
1017436388,HTML,0.0,https://api.github.com/repos/TonyToCode/Site
763923484,Python,2921.0,https://api.github.com/repos/TracecatHQ/tracecat
722072952,TypeScript,0.0,https://api.github.com/repos/TransactionAuthorizationProtocol/TAIPs
990150388,TypeScript,0.0,https://api.github.com/repos/TraumaER/caddy-handle-scraper
26027046,JavaScript,67.0,https://api.github.com/repos/TritonDataCenter/node-docker-registry-client
42547539,Roff,264.0,https://api.github.com/repos/TritonDataCenter/rfd
1002745440,Python,0.0,https://api.github.com/repos/Tyvonneboykin/core-nexus
526346665,JavaScript,4.0,https://api.github.com/repos/UCSC-IDTAP/IDTAP
323748807,Fortran,16.0,https://api.github.com/repos/UMEP-dev/SUEWS
954390641,Python,1.0,https://api.github.com/repos/UOR-Foundation/ZPDR
957975067,JavaScript,1.0,https://api.github.com/repos/UOR-Foundation/math-js
1017722344,OCaml,0.0,https://api.github.com/repos/UltimatePea/chinese-ocaml
960155318,TypeScript,4.0,https://api.github.com/repos/UnagiLabs/SUIperCHAT
917402876,HTML,0.0,https://api.github.com/repos/VEuPathDB/expression-shepherd
493138313,HTML,9.0,https://api.github.com/repos/VRHIKKY/VketCloudSDK_Documents
836669090,Lean,85.0,https://api.github.com/repos/Verified-zkEVM/clean
882189414,JavaScript,0.0,https://api.github.com/repos/VimalNagata/linq-portal
940924789,JavaScript,0.0,https://api.github.com/repos/VimalNagata/sessionsred
997849823,Python,1.0,https://api.github.com/repos/Von-Base-Enterprises/core-nexus
714524048,TypeScript,0.0,https://api.github.com/repos/WATonomous/watcloud-website
1022927771,TypeScript,0.0,https://api.github.com/repos/Wal33D/vscode-manic-miners
1013865928,JavaScript,0.0,https://api.github.com/repos/Walton-Viking-Scouts/VikingsEventMgmt
938717878,Python,13414.0,https://api.github.com/repos/Wan-Video/Wan2.1
990172984,TypeScript,2.0,https://api.github.com/repos/WebAppAI0410/MiraiCare
1019432584,JavaScript,1000.0,https://api.github.com/repos/Wei-Shaw/claude-relay-service
1027080674,Python,0.0,https://api.github.com/repos/Wexx-er/vimgym
906579091,TypeScript,1.0,https://api.github.com/repos/WilliamAGH/williamcallahan.com
1020301393,TypeScript,0.0,https://api.github.com/repos/WyattEnterprise/storyGenerator
1027232992,C++,0.0,https://api.github.com/repos/Xike-yuhuofei/ATK-HostPC
968585048,TypeScript,0.0,https://api.github.com/repos/XxGodmoonxX/S2T-playground
991308270,Python,0.0,https://api.github.com/repos/YJSN180/nico-ranking-custom
1023527308,Python,2.0,https://api.github.com/repos/Yehonatan-Bar/ClaudeHive
1012839581,TypeScript,0.0,https://api.github.com/repos/YmzknA/FlowCodeLinks
1008543385,Ruby,0.0,https://api.github.com/repos/YmzknA/chiikusa-nikki
464201760,Dart,211.0,https://api.github.com/repos/YumNumm/EQMonitor
1001629562,TypeScript,0.0,https://api.github.com/repos/YunosukeYoshino/Suno-Maker
838917256,C#,1.0,https://api.github.com/repos/Zarichney-Development/zarichney-api
977337276,Python,1.0,https://api.github.com/repos/ZeroSumQuant/luca-dev-assistant
761150311,Python,5513.0,https://api.github.com/repos/Zipstack/unstract
1011509872,Python,0.0,https://api.github.com/repos/a-deal/gymintel-cli
1000917411,TypeScript,0.0,https://api.github.com/repos/a1hang/slack-ai-agent-demo
1008005508,Shell,1.0,https://api.github.com/repos/aRustyDev/prompts
938999374,TypeScript,0.0,https://api.github.com/repos/aaron-hogan/idle-game
1009128373,JavaScript,1.0,https://api.github.com/repos/aaronsb/CellFlow
938412599,TypeScript,6.0,https://api.github.com/repos/aaronsb/apptio-target-process-mcp
1021611418,Go,3.0,https://api.github.com/repos/aaronsb/atlassian-assets
1003933637,TypeScript,0.0,https://api.github.com/repos/aaronsbrown/eidos-engine
1013221987,TypeScript,0.0,https://api.github.com/repos/aaronshaf/browser-document-viewer
14044098,Python,15.0,https://api.github.com/repos/abelsiqueira/perprof-py
989356032,Python,0.0,https://api.github.com/repos/adamdude828/claude-container
990283990,JavaScript,0.0,https://api.github.com/repos/adamdude828/claude-container-test-js
994372027,Python,0.0,https://api.github.com/repos/adamkwhite/claude-memory-mcp
1001204011,Go,0.0,https://api.github.com/repos/adestefa/legal-automation
1005361368,JavaScript,0.0,https://api.github.com/repos/adinunzio10/godot-mcp
1006345794,Kotlin,2.0,https://api.github.com/repos/adinunzio10/rd-watch
420190714,JavaScript,30.0,https://api.github.com/repos/adobe/helix-website
994017664,Python,0.0,https://api.github.com/repos/adrirobg/minimal-test
60080627,CSS,0.0,https://api.github.com/repos/adstastic/blog
989185331,Swift,0.0,https://api.github.com/repos/aessam/enchanted
1015969186,Python,0.0,https://api.github.com/repos/afspies/homehunt
1017460688,TypeScript,1.0,https://api.github.com/repos/aiandrox/match-party
1026069483,Shell,0.0,https://api.github.com/repos/aibix0001/agent-os
528653584,Go,4.0,https://api.github.com/repos/aichy126/igo
283046497,Python,19011.0,https://api.github.com/repos/airbytehq/airbyte
1011839138,Rust,0.0,https://api.github.com/repos/akasaka-miraina/lambdust
998282315,HTML,0.0,https://api.github.com/repos/akihisa1210/porter
1009970982,TypeScript,0.0,https://api.github.com/repos/akiramei/funcqc
1004899727,TypeScript,0.0,https://api.github.com/repos/akiramei/function-indexer
969906284,HTML,0.0,https://api.github.com/repos/akshaybapat6365/aion-visualization
993981103,JavaScript,100.0,https://api.github.com/repos/aku11i/phantom
69605218,C++,127.0,https://api.github.com/repos/alariq/mc2
1009319856,Starlark,0.0,https://api.github.com/repos/albertocavalcante/rules_jfrog
999353747,HTML,1.0,https://api.github.com/repos/alchemycat/AI-HUMAN-COLLAB-CAT-LAB
357573531,Python,50.0,https://api.github.com/repos/aleph-im/aleph-vm
828032713,Python,13.0,https://api.github.com/repos/alestic/abc
1011621791,Vue,1.0,https://api.github.com/repos/alexanderop/NuxtPapier
1028930025,TypeScript,0.0,https://api.github.com/repos/alexandertataurov/Forestry-Compliance-Application
998128719,Go,2.0,https://api.github.com/repos/ali01/mnemosyne
651622038,Python,3083.0,https://api.github.com/repos/allenai/open-instruct
1008634296,Python,1.0,https://api.github.com/repos/alvinlee00/mcp-snowflake-server
1023100134,JavaScript,0.0,https://api.github.com/repos/amajail/dentaltrack
1002552148,TypeScript,1691.0,https://api.github.com/repos/amantus-ai/vibetunnel
861806467,PowerShell,0.0,https://api.github.com/repos/amery/dev-env
606775111,Java,11.0,https://api.github.com/repos/amorabot/Inscripted
894640711,JavaScript,1335.0,https://api.github.com/repos/anaisbetts/mcp-installer
937732772,Rust,0.0,https://api.github.com/repos/anatoly-chichikov/checkers-rs
1012759204,Python,0.0,https://api.github.com/repos/anchapin/ModPorter-AI
1013098110,TypeScript,0.0,https://api.github.com/repos/andrekirst/booking
552493027,HTML,0.0,https://api.github.com/repos/andrekirst/family
167355244,TypeScript,4.0,https://api.github.com/repos/andrewginns/andrewginns.github.io
1013143444,TypeScript,1.0,https://api.github.com/repos/andrewshell/pinsquirrel
1025639377,TypeScript,0.0,https://api.github.com/repos/angelod1as/new-portfolio
974494285,TypeScript,0.0,https://api.github.com/repos/angelod1as/positiv
1001231053,TypeScript,1.0,https://api.github.com/repos/angelxmoreno/bun-sqlite-orm
199344833,TypeScript,1737.0,https://api.github.com/repos/angular-eslint/angular-eslint
943618032,JavaScript,3.0,https://api.github.com/repos/anoncam/dedpaste
1004084101,Python,2.0,https://api.github.com/repos/anthonyrawlins/distributed-ai-dev
937253475,PowerShell,27063.0,https://api.github.com/repos/anthropics/claude-code
986421638,TypeScript,2275.0,https://api.github.com/repos/anthropics/claude-code-action
928511583,Go,6.0,https://api.github.com/repos/antimetal/system-agent
998924128,TypeScript,1.0,https://api.github.com/repos/anubissbe/remote-docker-continued
645692075,Swift,389.0,https://api.github.com/repos/anyproto/anytype-swift
812095293,JavaScript,14.0,https://api.github.com/repos/apache/datasketches-bigquery
62117812,Java,14760.0,https://api.github.com/repos/apache/pulsar
17165658,Scala,41575.0,https://api.github.com/repos/apache/spark
320073979,C++,2.0,https://api.github.com/repos/aparthas3112/TempoNest
1015715786,TypeScript,1.0,https://api.github.com/repos/appydave-templates/starter-astro-react-tailwind-convex-chatbot
1004772261,Go,0.0,https://api.github.com/repos/apstndb/gh-dev-tools
875470896,Go,8.0,https://api.github.com/repos/apstndb/spanner-mycli
480614136,TypeScript,106.0,https://api.github.com/repos/ar-io/ar-io-node
985428753,Rust,2.0,https://api.github.com/repos/arkavo-org/arkavo-edge
999929188,Objective-C,0.0,https://api.github.com/repos/arkavo-org/idb
915856137,Python,0.0,https://api.github.com/repos/armaan-abraham/mlsae
992368077,Shell,0.0,https://api.github.com/repos/arockwell/arock-fish-utils
1015152091,Python,1.0,https://api.github.com/repos/arockwell/emdx
964938887,Python,1.0,https://api.github.com/repos/arockwell/local_newsifier
1023569548,C#,0.0,https://api.github.com/repos/arstella-ltd/RedmineCLI
953906280,Shell,0.0,https://api.github.com/repos/artefactory/artefiles
1020451125,Go,0.0,https://api.github.com/repos/arthur-debert/nanodoc
1002457616,Go,0.0,https://api.github.com/repos/arthur-debert/treex
952912584,Go,0.0,https://api.github.com/repos/arthur-debert/txxt
29702213,TypeScript,3686.0,https://api.github.com/repos/artsy/eigen
22887404,TypeScript,619.0,https://api.github.com/repos/artsy/force
900411457,Python,0.0,https://api.github.com/repos/arunmenon/agent-generator
692625109,MDX,5.0,https://api.github.com/repos/arunsathiya/portfolio
1008903150,Nix,0.0,https://api.github.com/repos/asabina-de/kb
1009473292,Dart,0.0,https://api.github.com/repos/ashean/very_good_test
996336670,TypeScript,1.0,https://api.github.com/repos/asklokesh/LokiKube
1005895599,C,1.0,https://api.github.com/repos/asthra-lang/asthra
915062417,TypeScript,0.0,https://api.github.com/repos/astriaorg/web-apps
1001337788,HTML,0.0,https://api.github.com/repos/atariryuma/Everyone-s-Answer-Board
957484513,Go,0.0,https://api.github.com/repos/atriumn/atriumn-sdk-go
1011492254,TypeScript,0.0,https://api.github.com/repos/atsushi-h/web-native-monorepo-template
998347587,Ruby,4.0,https://api.github.com/repos/atsushi-yamamoto2/flowregex
901426250,Go,1.0,https://api.github.com/repos/atxtechbro/dotfiles
968596584,Python,1.0,https://api.github.com/repos/avantifellows/curiosity_coach
999870640,Python,3.0,https://api.github.com/repos/avijeett007/sonti-ai
1027208880,Kotlin,1.0,https://api.github.com/repos/avishalom/eink-compose
679504479,TypeScript,1117.0,https://api.github.com/repos/aws-samples/generative-ai-use-cases
952238700,Python,5107.0,https://api.github.com/repos/awslabs/mcp
1016574739,Go,0.0,https://api.github.com/repos/ayutaz/Grimoire
952988376,C++,2.0,https://api.github.com/repos/ayutaz/piper-plus
1017944382,C#,0.0,https://api.github.com/repos/ayutaz/uPiper
989917799,Elixir,8.0,https://api.github.com/repos/azmaveth/ex_mcp
860656400,JavaScript,1.0,https://api.github.com/repos/azumag/harvest3
1018651814,TypeScript,0.0,https://api.github.com/repos/azumag/harvest4
989087242,HTML,999.0,https://api.github.com/repos/badlogic/lemmy
1005013296,TypeScript,0.0,https://api.github.com/repos/bahaha/vaul-web-component
1017449773,TypeScript,0.0,https://api.github.com/repos/baldawsari/ai-course-creator
28036606,Shell,9.0,https://api.github.com/repos/baleen37/dotfiles
1013037711,Swift,13.0,https://api.github.com/repos/bannzai/SwiftTUI
989634216,Python,3.0,https://api.github.com/repos/banton/medical-patients
577502354,TypeScript,3.0,https://api.github.com/repos/barelylabs/barely
1026903575,TypeScript,0.0,https://api.github.com/repos/barnesy/ai-agent-system
1026706128,Go,0.0,https://api.github.com/repos/bartschneider/homeboard
926596183,Rust,40.0,https://api.github.com/repos/base/node-reth
897595329,Python,1460.0,https://api.github.com/repos/basicmachines-co/basic-memory
939063100,Python,0.0,https://api.github.com/repos/baskaranz/feast-agentic
1020107175,Shell,0.0,https://api.github.com/repos/batumi-works/actions-lib
601388007,Python,121.0,https://api.github.com/repos/bayesianbandits/bayesianbandits
1018608993,JavaScript,0.0,https://api.github.com/repos/bbernstein/chq-calendar
967062465,TypeScript,7.0,https://api.github.com/repos/bdougie/contributor.info
953138513,TypeScript,4.0,https://api.github.com/repos/bdougie/pull2press
165500584,Elixir,79.0,https://api.github.com/repos/beam-telemetry/telemetry_metrics_statsd
1011816340,Rust,5.0,https://api.github.com/repos/beamsjr/FluentAI
899111891,Rust,29.0,https://api.github.com/repos/bearcove/dylo
971616187,CSS,0.0,https://api.github.com/repos/bearded-bytes/spring-petclinic-coder
13357567,HTML,10.0,https://api.github.com/repos/bearsunday/bearsunday.github.io
998597460,JavaScript,0.0,https://api.github.com/repos/becky3/coin-hunter-adventure
1006742590,TypeScript,0.0,https://api.github.com/repos/becky3/coin-hunter-adventure-pixel
907518954,Smarty,1.0,https://api.github.com/repos/beehiiv/gtm-beehiiv-pixel-base
1009995304,Rust,1.0,https://api.github.com/repos/beijaflor/tmuxrs
788961623,JavaScript,115.0,https://api.github.com/repos/belladoreai/llama3-tokenizer-js
1010871076,TypeScript,1.0,https://api.github.com/repos/belljun3395/resource-fe
992544874,Python,10.0,https://api.github.com/repos/benaskins/lamina-os
7346775,Astro,0.0,https://api.github.com/repos/bendrucker/bendrucker.me
904888054,Python,61.0,https://api.github.com/repos/berlinbra/alpha-vantage-mcp
1025441210,Python,1.0,https://api.github.com/repos/berrylands/modal-meigen-multitalk
952643099,C#,0.0,https://api.github.com/repos/bigdra50/MaterialCombiner
968101794,Go,4.0,https://api.github.com/repos/binary-install/binstaller
875493470,TypeScript,9.0,https://api.github.com/repos/bitsacco/os
1007807090,F#,1.0,https://api.github.com/repos/biwakonbu/fcode
1022536960,Go,6.0,https://api.github.com/repos/biwakonbu/reviewtask
722879591,PHP,4.0,https://api.github.com/repos/blaze-commerce/blazecommerce-wp-plugin
1021106226,HTML,0.0,https://api.github.com/repos/blipee-dev/retail-platform
954861214,Rust,0.0,https://api.github.com/repos/blueboxgarage/DQR
1005319972,Elixir,9.0,https://api.github.com/repos/bluzky/prana
965615190,JavaScript,6484.0,https://api.github.com/repos/bmadcode/BMAD-METHOD
1023810795,JavaScript,0.0,https://api.github.com/repos/bogdanfacaianu/finance-planner
926711750,HTML,27.0,https://api.github.com/repos/bolt-foundry/bolt-foundry
100330253,Shell,1.0,https://api.github.com/repos/bonyuta0204/dotfiles
909265591,Python,0.0,https://api.github.com/repos/book000/calculate-storage
1002553705,Shell,0.0,https://api.github.com/repos/book000/claude-user-dotfiles
504025858,TypeScript,0.0,https://api.github.com/repos/book000/rss-deliver
1010866612,TypeScript,0.0,https://api.github.com/repos/book000/rss-translator-bridge
1002779798,Shell,0.0,https://api.github.com/repos/book000/twitter-bulk-blocker
961150918,Python,0.0,https://api.github.com/repos/book000/update-softwares
962356521,Python,0.0,https://api.github.com/repos/bossjones/boss-bot
1002101985,Python,0.0,https://api.github.com/repos/bouthilx/compute-forecast-framework
1016373967,,0.0,https://api.github.com/repos/braindaamage/scope
904463667,TypeScript,1.0,https://api.github.com/repos/braingame-com/braingame
1001703124,Python,1.0,https://api.github.com/repos/brendanwilliam/nba-pbp-api
313247352,Python,223.0,https://api.github.com/repos/brentyi/jaxls
413741832,Python,736.0,https://api.github.com/repos/brentyi/tyro
1021754039,Python,0.0,https://api.github.com/repos/brettarion/cti-app
848270915,PHP,0.0,https://api.github.com/repos/briangflett/mascode
728395003,Python,6.0,https://api.github.com/repos/broadinstitute/jump_hub
925200383,Go,0.0,https://api.github.com/repos/bryangoettsch/imgonna
1026810841,C#,0.0,https://api.github.com/repos/bskertchly/procure-sdk
989499959,Go,0.0,https://api.github.com/repos/btassone/swiss-linux-knife
212465715,Go,10115.0,https://api.github.com/repos/bufbuild/buf
943383028,Rust,314.0,https://api.github.com/repos/buger/probe
482225540,Go,839.0,https://api.github.com/repos/busser/tfautomv
1010941556,Python,1.0,https://api.github.com/repos/bxtxh/seiji-watch
639298208,MDX,6.0,https://api.github.com/repos/bytebase/bytebase.com
1015645782,Rust,4.0,https://api.github.com/repos/bzsanti/oxidizePdf
1004531174,Python,0.0,https://api.github.com/repos/c50bossio/6fb-booking
1009649149,Python,1.0,https://api.github.com/repos/cagojeiger/cli-git
1014230167,JavaScript,0.0,https://api.github.com/repos/calebcrim/ai-tools-dashboard
1018913363,Python,0.0,https://api.github.com/repos/calico923/civitiai-tools
1016383563,TypeScript,3.0,https://api.github.com/repos/camoneart/maestro
968758367,Mermaid,3.0,https://api.github.com/repos/carbondirect/BOOST
1004427940,Rust,0.0,https://api.github.com/repos/carloseberhardt/threeaday
1019174227,TypeScript,0.0,https://api.github.com/repos/carmandale/AIMS
1026779813,Python,0.0,https://api.github.com/repos/carmandale/spy-fly
1003413217,TypeScript,0.0,https://api.github.com/repos/cartmantft/sub-translate
731743278,Rust,50.0,https://api.github.com/repos/cartridge-gg/cainome
675823898,Rust,53.0,https://api.github.com/repos/cartridge-gg/slot
999243801,TypeScript,2.0,https://api.github.com/repos/caseymanos/opent3.chat
999635154,Shell,45.0,https://api.github.com/repos/cassler/awesome-claude-code-setup
1016554116,TypeScript,0.0,https://api.github.com/repos/castor4bit/epub-image-extractor
1017001402,TypeScript,0.0,https://api.github.com/repos/ccarella/daygent
980853478,Python,0.0,https://api.github.com/repos/cdot65/cdot65.scm
1025899534,TypeScript,8.0,https://api.github.com/repos/cgbarlow/ppmoa
1012926009,TypeScript,7.0,https://api.github.com/repos/cgbarlow/sasi
826974078,Jupyter Notebook,14.0,https://api.github.com/repos/cgiovanetti/LINX
1018059336,TypeScript,0.0,https://api.github.com/repos/chanl-ai/chanl-v2
228681195,TypeScript,75.0,https://api.github.com/repos/chanzuckerberg/single-cell-data-portal
1001846619,Java,0.0,https://api.github.com/repos/char5742/groovy-lsp-extension
970502874,Python,0.0,https://api.github.com/repos/chat-prompt/whisper-at
1009231555,TypeScript,0.0,https://api.github.com/repos/chazmaniandinkle/gemini-cli
1018630052,Python,0.0,https://api.github.com/repos/cheickmec/spreadsheet-analyzer
974904662,TypeScript,0.0,https://api.github.com/repos/chida09/read-log
1020305299,Python,645.0,https://api.github.com/repos/chiphuyen/sniffly
493861279,Rust,22.0,https://api.github.com/repos/chipturner/pxhist
577541264,JavaScript,0.0,https://api.github.com/repos/chokil/study-react
1024986028,JavaScript,0.0,https://api.github.com/repos/chom58/claude-actions-mvc-test
812145359,Elm,1.0,https://api.github.com/repos/choonkeat/tiny-form-fields
1002463300,Astro,0.0,https://api.github.com/repos/chrimage/atlas-divisions-site
1027231564,TypeScript,0.0,https://api.github.com/repos/chris-hendrix/what-train-am-i-on-app
964690165,Python,1.0,https://api.github.com/repos/chris-sanders/troubleshoot-mcp-server
878406715,Python,0.0,https://api.github.com/repos/chrisbillows/readwise-local-plus
682759502,R,0.0,https://api.github.com/repos/chrisschwer/League-Simulator-Update
954107416,Vue,1.0,https://api.github.com/repos/cibseven/cibseven-webclient
88291886,Ruby,0.0,https://api.github.com/repos/cjlucas/tvdb-calendar
963951611,Python,2.0,https://api.github.com/repos/cjw296/xerotrust
1007998054,JavaScript,0.0,https://api.github.com/repos/cklose2000/gcp-fresh-mcp
992937815,Rust,49.0,https://api.github.com/repos/clafollett/agenterra
1025472321,TypeScript,391.0,https://api.github.com/repos/classmethod/tsumiki
898049758,TypeScript,185.0,https://api.github.com/repos/claude-did-this/MCPControl
1003471349,,0.0,https://api.github.com/repos/claudes-world/OpenHands
1022737023,TypeScript,0.0,https://api.github.com/repos/claudes-world/cctoast-wsl
1004644246,,0.0,https://api.github.com/repos/claudes-world/claude-pocket-console
1002674125,TypeScript,122.0,https://api.github.com/repos/clidey/dory
1021068018,Python,0.0,https://api.github.com/repos/cliu238/comsa_claude
554307884,TypeScript,1471.0,https://api.github.com/repos/cloudflare/next-on-pages
537085161,C++,6914.0,https://api.github.com/repos/cloudflare/workerd
1023308375,HTML,0.0,https://api.github.com/repos/cmarin/metakai
1001505679,TypeScript,64.0,https://api.github.com/repos/co-browser/vibe
1025488756,TypeScript,0.0,https://api.github.com/repos/co6tter/minimal-doc-v1
941640878,Python,0.0,https://api.github.com/repos/coairesearch/mechanisticexplorer
16563587,Go,31133.0,https://api.github.com/repos/cockroachdb/cockroach
615001396,JavaScript,5.0,https://api.github.com/repos/codante-io/codante-io-api
1021171024,TypeScript,0.0,https://api.github.com/repos/codefactory-co/k-nomad
983346726,TypeScript,35.0,https://api.github.com/repos/codeflow-studio/claude-code-chat
140426234,SCSS,84.0,https://api.github.com/repos/codeforjapan/mapprint
440752086,Go,10544.0,https://api.github.com/repos/coder/coder
582550891,TypeScript,97.0,https://api.github.com/repos/coder/vscode-coder
1016274389,Python,0.0,https://api.github.com/repos/coderberry/otterai-py
838659679,TypeScript,7248.0,https://api.github.com/repos/codexu/note-gen
1004088809,TypeScript,0.0,https://api.github.com/repos/coffmanjrp/pokemon-pokedex
1012480482,Python,7636.0,https://api.github.com/repos/coleam00/context-engineering-intro
977155585,Python,1447.0,https://api.github.com/repos/coleam00/mcp-crawl4ai-rag
1027218222,HTML,3.0,https://api.github.com/repos/colevandersWands/qubitquest
798551304,TypeScript,19.0,https://api.github.com/repos/commontoolsinc/labs
4414698,TypeScript,17818.0,https://api.github.com/repos/compiler-explorer/compiler-explorer
987873009,Python,5.0,https://api.github.com/repos/compiler-explorer/explain
18843954,Python,382.0,https://api.github.com/repos/compiler-explorer/infra
1008071390,PHP,0.0,https://api.github.com/repos/conduit-ui/conduit
476408089,Open Policy Agent,16.0,https://api.github.com/repos/conforma/policy
926831398,Nix,2.0,https://api.github.com/repos/conneroisu/bufrnix
259147326,TypeScript,59.0,https://api.github.com/repos/connorads/lockbot
103446460,C,3485.0,https://api.github.com/repos/containers/crun
1002211107,TypeScript,0.0,https://api.github.com/repos/cooperwalter/recipe-and-me
994762115,TypeScript,0.0,https://api.github.com/repos/copp1723/seorylie
1005168018,Python,0.0,https://api.github.com/repos/copp1723/swarm
565190068,Rust,6.0,https://api.github.com/repos/coreyja/coreyja.com
1024279706,TypeScript,0.0,https://api.github.com/repos/covelline/mcp-server-gsc
909060353,Rust,13.0,https://api.github.com/repos/cpunion/axum-params
895720313,Nunjucks,0.0,https://api.github.com/repos/craigsturgis/csdc-11ty
997687443,TypeScript,0.0,https://api.github.com/repos/crazyrabbitLTC/railway-mcp
960308376,Smarty,2.0,https://api.github.com/repos/crdant/serverless-pdf-chat-replicated
464198138,TypeScript,37.0,https://api.github.com/repos/creatorsgarten/creatorsgarten.org
1026644627,HTML,0.0,https://api.github.com/repos/crebo-t-yokoyama/nextjs-inventory-app
1018074843,Python,0.0,https://api.github.com/repos/credentum/agent-context-template
904251055,JavaScript,0.0,https://api.github.com/repos/cristianvasquez/rdf-tree
1011607756,HTML,0.0,https://api.github.com/repos/csquared/sayless
1022912587,TypeScript,0.0,https://api.github.com/repos/cswbrian/tnlplatinum
990268424,Go,0.0,https://api.github.com/repos/ctclostio/DnD-Game
940485168,Java,0.0,https://api.github.com/repos/cuioss/cui-jwt
947956021,Python,7.0,https://api.github.com/repos/culstrup/fireflies-raycast
924166361,TypeScript,1.0,https://api.github.com/repos/culstrup/get-stuff-done-ai
1022732189,TypeScript,0.0,https://api.github.com/repos/currentspace/tim
1008797148,TypeScript,0.0,https://api.github.com/repos/cuzic/VibeInsight
994386798,TypeScript,0.0,https://api.github.com/repos/cy6erskunk/fencing-score
997890921,TypeScript,4512.0,https://api.github.com/repos/czlonkowski/n8n-mcp
1019813856,Go,5.0,https://api.github.com/repos/d-kuro/geminiwebtools
990591750,Go,125.0,https://api.github.com/repos/d-kuro/gwq
1020748305,HTML,0.0,https://api.github.com/repos/d-nishikido/in-house-intranet
1020654886,TypeScript,0.0,https://api.github.com/repos/d-nishikido/travel-expenses-settlement
997733277,Python,251.0,https://api.github.com/repos/dai-motoki/haconiwa
1006235574,TypeScript,0.0,https://api.github.com/repos/daisuke-tanabe/poke-app
1004961642,HTML,0.0,https://api.github.com/repos/daktu32/wezterm-parallel
995613314,JavaScript,0.0,https://api.github.com/repos/damilola-elegbede/alocubano.boulderfest
1017547345,Shell,0.0,https://api.github.com/repos/damilola-elegbede/claude-config
1023213963,Python,1.0,https://api.github.com/repos/danieleschmidt/AI-Scientist-v2
1027286322,Python,1.0,https://api.github.com/repos/danieleschmidt/active-inference-sim-lab
1006605038,Python,1.0,https://api.github.com/repos/danieleschmidt/agent-orchestrated-etl
1028070065,Python,1.0,https://api.github.com/repos/danieleschmidt/agentic-redteam-radar
1026487949,Python,1.0,https://api.github.com/repos/danieleschmidt/agentic-startup-studio-boilerplate
1027203391,Python,1.0,https://api.github.com/repos/danieleschmidt/agi-eval-sandbox
1027285181,Shell,1.0,https://api.github.com/repos/danieleschmidt/ai-hardware-codesign-playground
1028065108,Python,1.0,https://api.github.com/repos/danieleschmidt/async-toolformer-orchestrator
1027289648,Python,1.0,https://api.github.com/repos/danieleschmidt/causal-eval-bench
987864466,Python,1.0,https://api.github.com/repos/danieleschmidt/chest-xray-pneumonia-detector
1027298625,Python,1.0,https://api.github.com/repos/danieleschmidt/cot-safepath-filter
987869825,Python,1.0,https://api.github.com/repos/danieleschmidt/fair-credit-scorer-bias-mitigation
987869165,Python,1.0,https://api.github.com/repos/danieleschmidt/iot-anomaly-detector-timeseries
1006597920,Python,1.0,https://api.github.com/repos/danieleschmidt/lexgraph-legal-rag
1027289331,Python,1.0,https://api.github.com/repos/danieleschmidt/lm-watermark-lab
1028741964,Python,1.0,https://api.github.com/repos/danieleschmidt/neural-operator-foundation-lab
1027284212,Python,1.0,https://api.github.com/repos/danieleschmidt/open-moe-trainer-lab
1027203757,Shell,1.0,https://api.github.com/repos/danieleschmidt/provenance-graph-sbom-linker
1027199394,Shell,1.0,https://api.github.com/repos/danieleschmidt/self-healing-pipeline-guard
1027288919,Python,1.0,https://api.github.com/repos/danieleschmidt/spikeformer-neuromorphic-kit
1006605963,Python,1.0,https://api.github.com/repos/danieleschmidt/sql-query-synthesizer
1027202544,TypeScript,1.0,https://api.github.com/repos/danieleschmidt/synthetic-data-guardian
1006601184,Python,1.0,https://api.github.com/repos/danieleschmidt/testgen-copilot
992189881,,0.0,https://api.github.com/repos/danielscholl-osdu/osdu-fork-template
987899515,Python,1.0,https://api.github.com/repos/danielscholl-osdu/osdu-mcp-server
1000471443,TypeScript,1.0,https://api.github.com/repos/danielseltzer/mmt
965615516,Jupyter Notebook,2.0,https://api.github.com/repos/dankimjw/PrepSense
600596928,TypeScript,28611.0,https://api.github.com/repos/danny-avila/LibreChat
637901818,C,0.0,https://api.github.com/repos/daqifi/daqifi-nyquist-firmware
954501083,TeX,3.0,https://api.github.com/repos/darkharasho/TopStatsAIO
166791218,Rust,2.0,https://api.github.com/repos/dasch-swiss/ark-resolver
47264649,Scala,75.0,https://api.github.com/repos/dasch-swiss/dsp-api
961392843,Rust,0.0,https://api.github.com/repos/dasch-swiss/dsp-repository
1022863902,Python,0.0,https://api.github.com/repos/datablogin/analytics-backend-monorepo
1025720250,Python,0.0,https://api.github.com/repos/datablogin/causal-inference-marketing
931273415,Rust,3.0,https://api.github.com/repos/datastx/FeatherFlow
896587347,TypeScript,2.0,https://api.github.com/repos/daveio/dave-io
1022845073,TypeScript,0.0,https://api.github.com/repos/davemjones/retro-ai
986040253,Python,0.0,https://api.github.com/repos/davidamacey/OpenTranscribe
1020049754,Python,0.0,https://api.github.com/repos/davidarce/mcp-pr-agent
994424427,TypeScript,0.0,https://api.github.com/repos/davidleathers113/taskmaster-ui
1024969072,TypeScript,0.0,https://api.github.com/repos/davidvasandani/mcp-server-amazon
751319363,Go,1.0,https://api.github.com/repos/dceoy/gh-actions-for-devops
985068391,TypeScript,1.0,https://api.github.com/repos/ddisisto/si
789289961,TypeScript,181.0,https://api.github.com/repos/deeeed/expo-audio-stream
777083677,TypeScript,3.0,https://api.github.com/repos/deeeed/universe
985613928,TypeScript,0.0,https://api.github.com/repos/deepaucksharma/otel-metrics
1019850405,Swift,0.0,https://api.github.com/repos/deeprave/memstat
904438141,Python,1.0,https://api.github.com/repos/deepworks-net/github.toolkit
588738089,Python,49.0,https://api.github.com/repos/defog-ai/defog
1157096,Ruby,2.0,https://api.github.com/repos/delano/familia
928233841,Swift,0.0,https://api.github.com/repos/deltadevsde/prism-messenger-ios
971403608,JavaScript,2.0,https://api.github.com/repos/democratize-technology/node-grocy
992508522,JavaScript,0.0,https://api.github.com/repos/denof-inc/sokubutsu
446292979,Go,7.0,https://api.github.com/repos/deref/transcript
960359145,Python,1.0,https://api.github.com/repos/derekg1729/CogniDAO
924957656,JavaScript,0.0,https://api.github.com/repos/derspotter/intellacc.com
1000222690,TypeScript,0.0,https://api.github.com/repos/dessaro-be/Salonsphere
1025255300,Go,1.0,https://api.github.com/repos/developer-mesh/developer-mesh
1011082509,TypeScript,51.0,https://api.github.com/repos/devill/refakts
968865217,TypeScript,0.0,https://api.github.com/repos/devonmoss/dit
997996213,Python,0.0,https://api.github.com/repos/devops-adeel/question-graph-agent
1024541139,Rust,0.0,https://api.github.com/repos/devops247-online/snp
979238702,Python,0.0,https://api.github.com/repos/dfdumaresq/A2A
981786211,Go,0.0,https://api.github.com/repos/dfinster/branch-wrangler
992277121,Go,24.0,https://api.github.com/repos/dgellow/mcp-front
144301353,Python,3.0,https://api.github.com/repos/dhalperi/mosaic
1010819728,TypeScript,0.0,https://api.github.com/repos/dhruv1705/goal
994771840,Python,1.0,https://api.github.com/repos/dhyansraj/mcp-mesh
1010236656,JavaScript,0.0,https://api.github.com/repos/diaztunjano/claude-dev-radar
989725447,Python,0.0,https://api.github.com/repos/digithree/pocket-to-sqlite
1024194919,JavaScript,1.0,https://api.github.com/repos/dimedis-gmbh/dendrite
1024546502,TypeScript,1.0,https://api.github.com/repos/diogomenezesborges/smart-expense
1000603876,JavaScript,0.0,https://api.github.com/repos/discohead/strudel
526382502,R,0.0,https://api.github.com/repos/dominodatalab/DominoDataR
3729629,Java,912.0,https://api.github.com/repos/dotCMS/core
1023964903,TypeScript,0.0,https://api.github.com/repos/douglasnev3s/douglasneves-portfolio
1019037530,Go,0.0,https://api.github.com/repos/douhashi/osoba
961009629,TypeScript,30.0,https://api.github.com/repos/douvy/btc-tooling
1011210683,PHP,0.0,https://api.github.com/repos/dpeuscher/rss-reader
1027461033,Rust,0.0,https://api.github.com/repos/dpshade/faithful-archive-dioxus
1009658639,JavaScript,0.0,https://api.github.com/repos/dragonku/to-do-websystem
965809916,TypeScript,1.0,https://api.github.com/repos/drapon/claude-mcp-servers
1004992605,Python,1.0,https://api.github.com/repos/drothermel/dr_cli
841683618,TypeScript,0.0,https://api.github.com/repos/drovani/herowars-helper
1011756260,Python,0.0,https://api.github.com/repos/druarnfield/Unmdx
1001361316,JavaScript,0.0,https://api.github.com/repos/ds4owd-002/website
958290101,HTML,0.0,https://api.github.com/repos/dschonholtz/RealEstatePriceVisualizer
1017208289,TypeScript,0.0,https://api.github.com/repos/duesk-inc/monstera
526514610,TypeScript,1171.0,https://api.github.com/repos/dust-tt/dust
854309333,Gleam,3.0,https://api.github.com/repos/dusty-phillips/glimpse
622587981,TypeScript,19.0,https://api.github.com/repos/duyet/monorepo
398562018,TypeScript,4.0,https://api.github.com/repos/duyet/okie.one
612865298,TypeScript,4.0,https://api.github.com/repos/duyet/pageview
1004340390,TypeScript,130.0,https://api.github.com/repos/dyoshikawa/rulesync
1010319744,TypeScript,3.0,https://api.github.com/repos/eason-dev/csp-kit
674341130,Shell,1.0,https://api.github.com/repos/ebal5/dotfiles-chezmoi
997176420,TypeScript,0.0,https://api.github.com/repos/ebarronh/edge-fleet
1023267826,TypeScript,2.0,https://api.github.com/repos/edwrdq/dotlib
996655544,TypeScript,1.0,https://api.github.com/repos/ee0pdt/linear-calendar
1012814749,TypeScript,0.0,https://api.github.com/repos/efaroni/modern-saas-starter-template
1020222380,TypeScript,0.0,https://api.github.com/repos/eijun-t/biz-dev-agent
1007755040,TypeScript,0.0,https://api.github.com/repos/eikuma/Stockle
997335603,Go,3.0,https://api.github.com/repos/eislab-cps/synctree
981584398,TypeScript,0.0,https://api.github.com/repos/ejfn/Tractor
1018122754,Python,2.0,https://api.github.com/repos/ejpaul/firm3d
1002867044,C#,0.0,https://api.github.com/repos/ekumaki/flash-memo
685053351,TypeScript,4.0,https://api.github.com/repos/elba-security/elba-security
997521892,TypeScript,1.0,https://api.github.com/repos/elitan/pgterra
826170402,TypeScript,16507.0,https://api.github.com/repos/elizaOS/eliza
960926087,TypeScript,0.0,https://api.github.com/repos/emahiro/llmlab
1008872124,TypeScript,0.0,https://api.github.com/repos/emahiro/microcms-rich-parser
663593521,Go,0.0,https://api.github.com/repos/emahiro/qrurl
941317017,TypeScript,0.0,https://api.github.com/repos/emily-flambe/baba-is-win
918367754,TypeScript,0.0,https://api.github.com/repos/emily-flambe/chesscom-helper
1015036695,TypeScript,0.0,https://api.github.com/repos/emily-flambe/cloudflare-ai-worker
936734831,TypeScript,1.0,https://api.github.com/repos/emily-flambe/list-cutter
1000555404,TypeScript,0.0,https://api.github.com/repos/emily-flambe/smart-tool-of-knowing
966402293,TypeScript,4.0,https://api.github.com/repos/enai-computer/enai
991733732,TypeScript,0.0,https://api.github.com/repos/endersclarity/FitForge
993842749,HTML,0.0,https://api.github.com/repos/endersclarity/ai-enhanced-real-estate-crm
991090972,TypeScript,0.0,https://api.github.com/repos/endersclarity/ai-tools-workflow-integration
990233495,PHP,0.0,https://api.github.com/repos/endersclarity/docker-wordpress
989872285,Python,0.0,https://api.github.com/repos/endersclarity/jobbot
997537530,TypeScript,0.0,https://api.github.com/repos/endo-ava/music-theory-app
994032223,Rust,0.0,https://api.github.com/repos/engineers-hub-ltd-in-house-project/markmail
1007443642,Go,0.0,https://api.github.com/repos/enthus-golang/gowsdl
1012647073,,0.0,https://api.github.com/repos/epanonymous/claude-code-action
990305409,Go,3.0,https://api.github.com/repos/ephlabs/eph
931467792,R,3.0,https://api.github.com/repos/epinowcast/primarycensored-paper
1027301294,,0.0,https://api.github.com/repos/erdalgunes/gpt-researcher
1003411213,TypeScript,0.0,https://api.github.com/repos/erichecan/smalltalk
332180047,HTML,0.0,https://api.github.com/repos/ernestobarrera/ernestobarrera.github.io
992878601,TypeScript,0.0,https://api.github.com/repos/esamnyu/roomies_app
680208296,Solidity,73.0,https://api.github.com/repos/ethereum-optimism/superchain-ops
997024819,Solidity,2.0,https://api.github.com/repos/euler-xyz/euler-devland
1012209970,TypeScript,0.0,https://api.github.com/repos/evcraddock/autoblog
1002035008,JavaScript,0.0,https://api.github.com/repos/evertweb/forestech
1004486444,Python,0.0,https://api.github.com/repos/evgenii-prusov/cashoverflow
1016984221,Zig,28.0,https://api.github.com/repos/evmts/guillotine
601475124,TypeScript,382.0,https://api.github.com/repos/evmts/tevm-monorepo
1004298274,Rust,1.0,https://api.github.com/repos/evstack/ev-reth
280516796,HTML,12.0,https://api.github.com/repos/ewolff/software-architektur.tv
1002580031,Python,0.0,https://api.github.com/repos/exp-ouroborous/starter-webapp
942837343,JavaScript,19766.0,https://api.github.com/repos/eyaltoledano/claude-task-master
41870517,Objective-C,4729.0,https://api.github.com/repos/facebook/idb
912615106,TypeScript,0.0,https://api.github.com/repos/faezmurshidi/goalspace
1025143408,Python,0.0,https://api.github.com/repos/farmisen/scrapinator
987573076,JavaScript,0.0,https://api.github.com/repos/fbal98/simple-id-generator
1018981585,Python,0.0,https://api.github.com/repos/fbraza/python-vitals
1014678671,Blade,0.0,https://api.github.com/repos/fceprika/sekaijin
820704642,Rust,12.0,https://api.github.com/repos/fcoury/husk
689774314,Shell,0.0,https://api.github.com/repos/federicociro/ansible-plays
1008399316,Python,0.0,https://api.github.com/repos/fergusmeiklejohn/neural_networks_research
991751395,Rust,5.0,https://api.github.com/repos/ferrisdb/ferrisdb
998082877,Python,0.0,https://api.github.com/repos/fhenneke/dagster_dbt_example
525447487,TypeScript,2800.0,https://api.github.com/repos/fireship-io/flamethrower
257787813,Elixir,7441.0,https://api.github.com/repos/firezone/firezone
702796244,Python,22527.0,https://api.github.com/repos/fishaudio/fish-speech
1021255226,TypeScript,0.0,https://api.github.com/repos/fixer-github/generative-ai-use-cases
1004326121,TypeScript,0.0,https://api.github.com/repos/fjeckel/transform-finance-agent-site
1018908703,Python,0.0,https://api.github.com/repos/fk-dcardona/TIP-VF
1010130252,Python,0.0,https://api.github.com/repos/fkeegan/haindy
994159900,Python,0.0,https://api.github.com/repos/flagboy/haihu-generator
1027427352,TypeScript,0.0,https://api.github.com/repos/flyingrobots/squizzle
1018473188,Jupyter Notebook,0.0,https://api.github.com/repos/flytothejy/open-inpaint-anything
734939372,TypeScript,0.0,https://api.github.com/repos/fohte/eslint-config
934736802,Python,5.0,https://api.github.com/repos/foyzulkarim/transformers-tasks
1002211280,Python,0.0,https://api.github.com/repos/franccesco/bloomy-python
992120703,Ruby,0.0,https://api.github.com/repos/freebeiro/simple-web-scraper
386644013,Rust,2391.0,https://api.github.com/repos/freenet/freenet-core
959961834,TypeScript,61.0,https://api.github.com/repos/freshtechbro/Vibe-Coder-MCP
1006697600,Shell,0.0,https://api.github.com/repos/frgul006/grpc-client-generator
494350706,PHP,106.0,https://api.github.com/repos/friendsofhyperf/components
778464437,JavaScript,0.0,https://api.github.com/repos/friggframework/api-module-library
438759221,JavaScript,33.0,https://api.github.com/repos/friggframework/frigg
989482292,Ruby,1.0,https://api.github.com/repos/frogr/hub
1009315622,Python,0.0,https://api.github.com/repos/fsamejim/micro-frontend-audio
992751645,Python,2.0,https://api.github.com/repos/fsgeek/Mallku
230614650,TypeScript,0.0,https://api.github.com/repos/fukubaka0825/portfolio-gatsby
34443891,PHP,1358.0,https://api.github.com/repos/fukuball/jieba-php
989439852,Swift,0.0,https://api.github.com/repos/fumiya-kume/FeLangKit
910684381,Swift,0.0,https://api.github.com/repos/fummicc1/se-masked-quiz
1016225201,Python,0.0,https://api.github.com/repos/fwegener83/crawl4ai-mcp-server
1016557585,Python,4.0,https://api.github.com/repos/fxerkan/my_network_scanner
1020656148,Python,0.0,https://api.github.com/repos/fxmartin/create-project
1011252470,TypeScript,0.0,https://api.github.com/repos/fyuuki0jp/hono-ssr
1006378332,TypeScript,0.0,https://api.github.com/repos/gabadi/ccmanager
1003273774,Go,0.0,https://api.github.com/repos/gabadi/claude-squad
1004769882,Python,0.0,https://api.github.com/repos/gabadi/intellipost-ia
1010476871,Go,3.0,https://api.github.com/repos/gabadi/mcp-hub
1018394291,TypeScript,0.0,https://api.github.com/repos/galactic993/the-7th-dimension
1022068418,Nix,0.0,https://api.github.com/repos/gamoutatsumi/dps-claudecode.vim
1003839461,Shell,0.0,https://api.github.com/repos/garywu/agent-init
7969634,JavaScript,31.0,https://api.github.com/repos/geneontology/amigo
37750722,Makefile,237.0,https://api.github.com/repos/geneontology/go-ontology
821090106,Python,1.0,https://api.github.com/repos/geneontology/gocam-py
1016083143,Python,0.0,https://api.github.com/repos/genk813/TMCloud
1004995740,TypeScript,10296.0,https://api.github.com/repos/getAsterisk/claudia
920228032,TypeScript,2.0,https://api.github.com/repos/getpara/examples-hub
964689474,TypeScript,88.0,https://api.github.com/repos/getsentry/vitest-evals
980303343,Java,0.0,https://api.github.com/repos/ggoncalves/AgileCheckupBackendGate
641141283,Java,0.0,https://api.github.com/repos/ggoncalves/AgileCheckupPerpetua
983625805,TypeScript,0.0,https://api.github.com/repos/ggoncalves/AgileCheckupUI
1014047088,,0.0,https://api.github.com/repos/gignac-cha/remote-claude-code-test
845317529,TypeScript,154.0,https://api.github.com/repos/giselles-ai/giselle
130879558,TypeScript,13404.0,https://api.github.com/repos/gitpod-io/gitpod
1007320501,TypeScript,0.0,https://api.github.com/repos/giwarb/reversi-learn
1018360981,Go,0.0,https://api.github.com/repos/gman622/uugrpc
976708112,Go,0.0,https://api.github.com/repos/gobeyondidentity/google-workspace-provisioner
439671448,JavaScript,1.0,https://api.github.com/repos/godber/xr.webvr.dev
1015665412,Rust,0.0,https://api.github.com/repos/goodbadwolf/nebulae
1004779070,TypeScript,0.0,https://api.github.com/repos/goodbadwolf/tanaka
78952012,JavaScript,124.0,https://api.github.com/repos/goodjoblife/GoodJobShare
968197216,TypeScript,65937.0,https://api.github.com/repos/google-gemini/gemini-cli
1018790392,Python,1.0,https://api.github.com/repos/gorjessbbyx3/CaptureByChristian
1027197347,TypeScript,0.0,https://api.github.com/repos/gpb360/AI-Marketing-Web-Builder
129717717,Go,26100.0,https://api.github.com/repos/grafana/loki
469803804,TypeScript,41.0,https://api.github.com/repos/grafana/pyroscope-nodejs
682297649,TypeScript,21.0,https://api.github.com/repos/grafana/shared-workflows
754785270,TypeScript,1.0,https://api.github.com/repos/grantcampanelli/sip-app
978965884,Python,1.0,https://api.github.com/repos/grantharris33/WNBA-Fantasy-League
36759907,Python,2307.0,https://api.github.com/repos/graphistry/pygraphistry
826478700,JavaScript,0.0,https://api.github.com/repos/grepsedawk/planmy.hike
845574303,TypeScript,0.0,https://api.github.com/repos/grok-rs/pawn
38304949,Swift,7665.0,https://api.github.com/repos/groue/GRDB.swift
1010950902,TypeScript,0.0,https://api.github.com/repos/gs223gs/ReMeet
871633995,Python,6.0,https://api.github.com/repos/gyrinx-app/gyrinx
30185298,Lua,0.0,https://api.github.com/repos/h10hUI/dotfiles
996484922,HTML,0.0,https://api.github.com/repos/h3ro-dev/ceoofone
996484931,TypeScript,0.0,https://api.github.com/repos/h3ro-dev/directorofone
996484986,TypeScript,0.0,https://api.github.com/repos/h3ro-dev/hrofone
990975064,Python,110.0,https://api.github.com/repos/haasonsaas/ocode
957365863,Python,4.0,https://api.github.com/repos/hackdays-io/toban-contribution-viewer
884636699,TypeScript,0.0,https://api.github.com/repos/hakatashi/solid-start-firebase-template
1017545048,Swift,0.0,https://api.github.com/repos/haludoll/photo-move
397430400,TypeScript,13.0,https://api.github.com/repos/hamkichi/homebridge-echonet-lite-eolia
835173574,Python,2.0,https://api.github.com/repos/handley-lab/blackjax
903648477,Python,63.0,https://api.github.com/repos/hannesrudolph/imessage-query-fastmcp-mcp-server
992950170,TypeScript,0.0,https://api.github.com/repos/hansjm10/adhdtodo
1007562900,Python,0.0,https://api.github.com/repos/hardlitchi/claude-code-client
947454700,,0.0,https://api.github.com/repos/harsha-gouru/Zero
176447990,Python,0.0,https://api.github.com/repos/harupy/mlflow
809178440,Swift,2.0,https://api.github.com/repos/hayesgm/Eth.swift
1028421253,TypeScript,0.0,https://api.github.com/repos/he-be/examapp
1001367140,TypeScript,10.0,https://api.github.com/repos/henrikaslund/alecs-mcp-server-akamai
1018060969,Shell,0.0,https://api.github.com/repos/henryaj/heroku-imagemagick-buildpack
768572032,Python,32.0,https://api.github.com/repos/hex/llm-perplexity
994570338,Go,0.0,https://api.github.com/repos/hexabase/dot-ai
1006437768,TypeScript,0.0,https://api.github.com/repos/hexylab/gamecenter
1011338607,JavaScript,0.0,https://api.github.com/repos/hfoley2013/pii-detector-extension
1010314891,Swift,0.0,https://api.github.com/repos/hfyeomans/WinampClone
1018535827,TypeScript,0.0,https://api.github.com/repos/hidenorigoto/call-structure-ts
1014189276,HTML,0.0,https://api.github.com/repos/hidenorigoto/php-iaas
991953998,JavaScript,0.0,https://api.github.com/repos/hideyuki-ogawa/prompt-maker
997207323,C++,0.0,https://api.github.com/repos/hiroaki0923/YMulator-Synth
1009310053,TypeScript,0.0,https://api.github.com/repos/hirorocky/TypEngQuest
789072988,TypeScript,0.0,https://api.github.com/repos/hirossan4049/OpenUNIPA
1013173189,TypeScript,0.0,https://api.github.com/repos/hirossan4049/mpy-sdk
1021300709,JavaScript,0.0,https://api.github.com/repos/hitsumabushi334/DAS
1001555346,Python,1.0,https://api.github.com/repos/hkb3711220/cloudwatch-ai
21764480,HTML,167.0,https://api.github.com/repos/hmislk/hmis
963216226,HTML,0.0,https://api.github.com/repos/hoibui/springboot-clearn-architect
906820544,Go,7.0,https://api.github.com/repos/holonoms/sandworm
1022971676,TypeScript,12.0,https://api.github.com/repos/holt-web-ai/n8n-nodes-claudecode
906807010,TypeScript,35.0,https://api.github.com/repos/honeycombio/honeycomb-mcp
1010642615,TypeScript,1.0,https://api.github.com/repos/hono840/engineering-skill-app
1017468060,TypeScript,0.0,https://api.github.com/repos/horie-tt/BodyCompositionTracker
1010168043,Python,0.0,https://api.github.com/repos/huluobohua/storm-loop
1010203863,TypeScript,0.0,https://api.github.com/repos/husniadil/domain-hunt
1014574570,Python,1.0,https://api.github.com/repos/hy20191108/semantic-scholar-mcp
1004398376,TypeScript,0.0,https://api.github.com/repos/hydrangeas/nara-opendata
1024674342,Dart,0.0,https://api.github.com/repos/hyminix/Ojyx-Mobile
206414745,Java,1671.0,https://api.github.com/repos/hyperledger/besu
62234930,Mustache,666.0,https://api.github.com/repos/hypothesis/client
967375142,,1.0,https://api.github.com/repos/iWaraxe/BasicAiCourse
1005883966,Go,0.0,https://api.github.com/repos/iamgaru/gander
999900375,TypeScript,0.0,https://api.github.com/repos/iaminawe/claude-code-flow
1008215636,TypeScript,0.0,https://api.github.com/repos/iamthamanic/WOARU-WorkaroundUltra
1003047863,,777.0,https://api.github.com/repos/iannuttall/claude-sessions
272011565,C++,9.0,https://api.github.com/repos/ibis-ssl/crane
992284309,Python,2.0,https://api.github.com/repos/ibxibx/jasmin-catering-ai-agent
968152973,PHP,0.0,https://api.github.com/repos/icw-kb/laminas-microscope
984399992,TypeScript,0.0,https://api.github.com/repos/idancelive/idance
848641760,Python,0.0,https://api.github.com/repos/identity-wael/neurascale
576760542,HTML,1.0,https://api.github.com/repos/idob1212/Gibushun
987187532,JavaScript,0.0,https://api.github.com/repos/idob1212/News-Notes
45353784,HTML,3.0,https://api.github.com/repos/idvorkin/idvorkin.github.io
542678417,CSS,1.0,https://api.github.com/repos/ihoka/ihoka.me
985772551,Rust,0.0,https://api.github.com/repos/ikeniborn/vpn
1022592190,TypeScript,8.0,https://api.github.com/repos/imadaitelarabi/sparkboard
1019534668,TypeScript,1.0,https://api.github.com/repos/imjasonh/uss-wasp
1018714380,Python,0.0,https://api.github.com/repos/insult0o/torematrix_labs2
989037215,JavaScript,0.0,https://api.github.com/repos/integry/gitfix
986861312,TypeScript,429.0,https://api.github.com/repos/intellectronica/ruler
992225475,TypeScript,0.0,https://api.github.com/repos/intersend/interspace-backend
1005261288,Swift,1.0,https://api.github.com/repos/intersend/interspace-ios
998595794,HTML,0.0,https://api.github.com/repos/iotashan/react-native-survey-js-ui
1014111699,TypeScript,0.0,https://api.github.com/repos/ippei-shimizu/x-post-ai-generator
